,,,,,,,,,,,,,,,,,,,,,,,,,,,,,,,,,,,,,,,,,,,,,,,,,,,,,,
PLAYER,POS,BODY FAT %,HAND LENGTH (inches),HAND WIDTH (inches),HEIGHT W/O SHOES,HEIGHT W/ SHOES,STANDING REACH,WEIGHT (LBS),WINGSPAN,year,,,,,,,,,,,,,,,,,,,,,,,,,,,,,,,,,,,,,,,,,,,,
Zach Edey,C,-%,10,10.75,7' 3.75'',,9' 7.00'',299,7' 10.75'',25,,,,,,,,,,,,,,,,,,,,,,,,,,,,,,,,,,,,,,,,,,,,
Donovan Clingan,C,-%,10,10.25,7' 1.75'',,9' 7.00'',282,7' 6.75'',25,,,,,,,,,,,,,,,,,,,,,,,,,,,,,,,,,,,,,,,,,,,,
N'Faly Dante,C,-%,9.25,10,6' 10.00'',,9' 3.00'',260.2,7' 6.00'',25,,,,,,,,,,,,,,,,,,,,,,,,,,,,,,,,,,,,,,,,,,,,
Jesse Edwards,C,-%,9.25,10,6' 11.50'',,9' 3.00'',236,7' 5.00'',25,,,,,,,,,,,,,,,,,,,,,,,,,,,,,,,,,,,,,,,,,,,,
Kel'el Ware,C,-%,9.5,10.25,6' 11.75'',,9' 4.50'',230,7' 4.50'',25,,,,,,,,,,,,,,,,,,,,,,,,,,,,,,,,,,,,,,,,,,,,
Alexandre Sarr,C,-%,9,10,6' 11.75'',,9' 2.00'',224.2,7' 4.25'',25,,,,,,,,,,,,,,,,,,,,,,,,,,,,,,,,,,,,,,,,,,,,
Ulrich Chomche,C,-%,9.25,10.25,6' 10.25'',,9' 1.00'',232.4,7' 4.00'',25,,,,,,,,,,,,,,,,,,,,,,,,,,,,,,,,,,,,,,,,,,,,
Adem Bona,C,-%,9.5,10,6' 8.25'',,9' 0.00'',243.2,7' 3.75'',25,,,,,,,,,,,,,,,,,,,,,,,,,,,,,,,,,,,,,,,,,,,,
Trevon Brazile,PF,-%,9,10.25,6' 9.25'',,9' 0.50'',215,7' 3.75'',25,,,,,,,,,,,,,,,,,,,,,,,,,,,,,,,,,,,,,,,,,,,,
Isaac Jones,C,-%,9.25,10.25,6' 7.75'',,9' 0.00'',235,7' 3.00'',25,,,,,,,,,,,,,,,,,,,,,,,,,,,,,,,,,,,,,,,,,,,,
Ariel Hukporti,C,-%,9.25,10.25,6' 10.75'',,9' 3.00'',246.2,7' 2.50'',25,,,,,,,,,,,,,,,,,,,,,,,,,,,,,,,,,,,,,,,,,,,,
Quinten Post,C,-%,9.25,10,7' 0.00'',,9' 4.00'',244.4,7' 2.50'',25,,,,,,,,,,,,,,,,,,,,,,,,,,,,,,,,,,,,,,,,,,,,
Nae'Qwan Tomlin,PF,-%,9,10,6' 8.25'',,9' 1.00'',205,7' 2.50'',25,,,,,,,,,,,,,,,,,,,,,,,,,,,,,,,,,,,,,,,,,,,,
Enrique Freeman,PF,-%,8.75,10,6' 7.25'',,9' 0.00'',212,7' 2.00'',25,,,,,,,,,,,,,,,,,,,,,,,,,,,,,,,,,,,,,,,,,,,,
Yves Missi,C,-%,9.5,10,6' 10.75'',,9' 1.50'',229.4,7' 2.00'',25,,,,,,,,,,,,,,,,,,,,,,,,,,,,,,,,,,,,,,,,,,,,
Jonathan Mogbo,PF,-%,8.75,8.75,6' 6.25'',,9' 0.50'',217.2,7' 2.00'',25,,,,,,,,,,,,,,,,,,,,,,,,,,,,,,,,,,,,,,,,,,,,
Ryan Dunn,PF,-%,9,9.75,6' 6.25'',,8' 7.00'',213.6,7' 1.50'',25,,,,,,,,,,,,,,,,,,,,,,,,,,,,,,,,,,,,,,,,,,,,
PJ Hall,C,-%,9,9.75,6' 8.25'',,8' 7.50'',239.6,7' 1.50'',25,,,,,,,,,,,,,,,,,,,,,,,,,,,,,,,,,,,,,,,,,,,,
Tidjane Salaun,PF,-%,8.5,9.75,6' 8.75'',,9' 2'',217.4,7' 1.5'',25,,,,,,,,,,,,,,,,,,,,,,,,,,,,,,,,,,,,,,,,,,,,
Izan Almansa,C,-%,9.25,9.25,6' 9.25'',,9' 2.00'',219.6,7' 1.00'',25,,,,,,,,,,,,,,,,,,,,,,,,,,,,,,,,,,,,,,,,,,,,
DaRon Holmes II,C,-%,8.75,9,6' 8.75'',,9' 0.00'',236.2,7' 1.00'',25,,,,,,,,,,,,,,,,,,,,,,,,,,,,,,,,,,,,,,,,,,,,
Tyler Smith,PF,-%,8.5,9,6' 9.00'',,8' 9.00'',223.8,7' 1.00'',25,,,,,,,,,,,,,,,,,,,,,,,,,,,,,,,,,,,,,,,,,,,,
Cody Williams,SF,-%,8.25,9,6' 6.50'',,8' 7.00'',178.4,7' 1.00'',25,,,,,,,,,,,,,,,,,,,,,,,,,,,,,,,,,,,,,,,,,,,,
Michael Ajayi,SF,-%,9.5,9.75,6' 5.75'',,8' 10.50'',227.8,7' 0.75'',25,,,,,,,,,,,,,,,,,,,,,,,,,,,,,,,,,,,,,,,,,,,,
JT Toppin,PF,-%,9.25,9.25,6' 7.00'',,8' 10.00'',221,7' 0.50'',25,,,,,,,,,,,,,,,,,,,,,,,,,,,,,,,,,,,,,,,,,,,,
Harrison Ingram,SF,-%,9,10.25,6' 5.25'',,8' 6.50'',233.6,7' 0.25'',25,,,,,,,,,,,,,,,,,,,,,,,,,,,,,,,,,,,,,,,,,,,,
Coleman Hawkins,PF,-%,8.75,8.75,6' 8.25'',,8' 11.00'',215.2,7' 0.00'',25,,,,,,,,,,,,,,,,,,,,,,,,,,,,,,,,,,,,,,,,,,,,
Tyon Grant-Foster,SF,-%,8.75,9.25,6' 5.75'',,8' 8.00'',215.2,6' 11.75'',25,,,,,,,,,,,,,,,,,,,,,,,,,,,,,,,,,,,,,,,,,,,,
Jaxson Robinson,SG,-%,9,9.5,6' 4.75'',,8' 7.00'',188.6,6' 11.25'',25,,,,,,,,,,,,,,,,,,,,,,,,,,,,,,,,,,,,,,,,,,,,
Oso Ighodaro,C,-%,9,10,6' 9.50'',,8' 8.50'',222,6' 11.00'',25,,,,,,,,,,,,,,,,,,,,,,,,,,,,,,,,,,,,,,,,,,,,
Dillon Jones,SF,-%,9,9.25,6' 4.50'',,8' 4.50'',236.8,6' 11.00'',25,,,,,,,,,,,,,,,,,,,,,,,,,,,,,,,,,,,,,,,,,,,,
Alex Karaban,PF,-%,8.75,9.25,6' 6.50'',,8' 10.50'',219.2,6' 11.00'',25,,,,,,,,,,,,,,,,,,,,,,,,,,,,,,,,,,,,,,,,,,,,
Bobi Klintman,PF,-%,8.75,10,6' 8.75'',,8' 10.50'',212.2,6' 11.00'',25,,,,,,,,,,,,,,,,,,,,,,,,,,,,,,,,,,,,,,,,,,,,
Ron Holland II,SF,-%,8.75,9,6' 6.50'',,8' 8.00'',196.8,6' 10.75'',25,,,,,,,,,,,,,,,,,,,,,,,,,,,,,,,,,,,,,,,,,,,,
Jamir Watkins,SF,-%,9,9.5,6' 5.00'',,8' 8.00'',211.6,6' 10.75'',25,,,,,,,,,,,,,,,,,,,,,,,,,,,,,,,,,,,,,,,,,,,,
Trey Alexander,SG,-%,8.75,10,6' 3.25'',,8' 5.50'',187,6' 10.50'',25,,,,,,,,,,,,,,,,,,,,,,,,,,,,,,,,,,,,,,,,,,,,
Kyle Filipowski,PF,-%,8.75,9.5,6' 10.75'',,8' 11.00'',229.8,6' 10.50'',25,,,,,,,,,,,,,,,,,,,,,,,,,,,,,,,,,,,,,,,,,,,,
Tristan Da Silva,PF,-%,9,9.5,6' 8.25'',,8' 8.50'',216.8,6' 10.25'',25,,,,,,,,,,,,,,,,,,,,,,,,,,,,,,,,,,,,,,,,,,,,
Kyshawn George,SF,-%,9,10.25,6' 7.00'',,8' 9.00'',208.8,6' 10.25'',25,,,,,,,,,,,,,,,,,,,,,,,,,,,,,,,,,,,,,,,,,,,,
Keshad Johnson,PF,-%,9.25,10.75,6' 6.25'',,8' 7.00'',224,6' 10.25'',25,,,,,,,,,,,,,,,,,,,,,,,,,,,,,,,,,,,,,,,,,,,,
Jalen Bridges,SF,-%,9,10,6' 6.75'',,8' 9.00'',213.4,6' 10.00'',25,,,,,,,,,,,,,,,,,,,,,,,,,,,,,,,,,,,,,,,,,,,,
Matas Buzelis,SF,-%,8.5,9.25,6' 8.75'',,8' 9.50'',197,6' 10.00'',25,,,,,,,,,,,,,,,,,,,,,,,,,,,,,,,,,,,,,,,,,,,,
Justin Edwards,SF,-%,8.75,8.75,6' 6.00'',,8' 6.50'',209.4,6' 10.00'',25,,,,,,,,,,,,,,,,,,,,,,,,,,,,,,,,,,,,,,,,,,,,
Ja'Kobe Walter,SG,-%,8.75,9.75,6' 4.25'',,8' 6.50'',197.6,6' 10.00'',25,,,,,,,,,,,,,,,,,,,,,,,,,,,,,,,,,,,,,,,,,,,,
Hunter Sallis,SG,-%,8,9.5,6' 3.50'',,8' 4.50'',179.4,6' 9.75'',25,,,,,,,,,,,,,,,,,,,,,,,,,,,,,,,,,,,,,,,,,,,,
Zaccharie Risacher,SF,-%,8.5,8.75,6' 8.5'',,8' 11'',194.6,6' 9.5'',25,,,,,,,,,,,,,,,,,,,,,,,,,,,,,,,,,,,,,,,,,,,,
Stephon Castle,SG,-%,8.75,8.75,6' 5.50'',,8' 6.00'',210,6' 9.00'',25,,,,,,,,,,,,,,,,,,,,,,,,,,,,,,,,,,,,,,,,,,,,
Pacome Dadiet,SF,-%,8.5,9,6' 7.75'',,8' 11.5'',216.8,6' 9'',25,,,,,,,,,,,,,,,,,,,,,,,,,,,,,,,,,,,,,,,,,,,,
Dalton Knecht,SF,-%,8.5,9.5,6' 5.25'',,8' 7.50'',212.2,6' 9.00'',25,,,,,,,,,,,,,,,,,,,,,,,,,,,,,,,,,,,,,,,,,,,,
Kevin McCullar Jr.,SF,-%,8.75,9.5,6' 5.25'',,8' 7.00'',205.8,6' 9.00'',25,,,,,,,,,,,,,,,,,,,,,,,,,,,,,,,,,,,,,,,,,,,,
Devin Carter,SG,-%,8.75,9,6' 2.25'',,8' 2.00'',193,6' 8.75'',25,,,,,,,,,,,,,,,,,,,,,,,,,,,,,,,,,,,,,,,,,,,,
Terrence Shannon Jr.,SF,-%,8.75,8.5,6' 5.75'',,8' 4.00'',219.4,6' 8.75'',25,,,,,,,,,,,,,,,,,,,,,,,,,,,,,,,,,,,,,,,,,,,,
AJ Johnson,SG,-%,8.5,8.5,6' 4.25'',,8' 6.00'',167,6' 8.50'',25,,,,,,,,,,,,,,,,,,,,,,,,,,,,,,,,,,,,,,,,,,,,
Trentyn Flowers,SF,-%,8.75,9.5,6' 6.50'',,8' 4.50'',201.4,6' 8.25'',25,,,,,,,,,,,,,,,,,,,,,,,,,,,,,,,,,,,,,,,,,,,,
Antonio Reeves,SG,-%,9,10,6' 4.50'',,8' 4.50'',186.6,6' 8.25'',25,,,,,,,,,,,,,,,,,,,,,,,,,,,,,,,,,,,,,,,,,,,,
Baylor Scheierman,SF,-%,9.25,9.75,6' 6.25'',,8' 6.50'',201.6,6' 8.25'',25,,,,,,,,,,,,,,,,,,,,,,,,,,,,,,,,,,,,,,,,,,,,
Carlton Carrington,PG,-%,8.5,9.25,6' 3.75'',,8' 3.00'',194.8,6' 8.00'',25,,,,,,,,,,,,,,,,,,,,,,,,,,,,,,,,,,,,,,,,,,,,
Cam Christie,SG,-%,8,8,6' 4.50'',,8' 5.50'',190.4,6' 8.00'',25,,,,,,,,,,,,,,,,,,,,,,,,,,,,,,,,,,,,,,,,,,,,
Nique Clifford,SF,-%,8,9,6' 5.00'',,8' 6.00'',198.6,6' 8.00'',25,,,,,,,,,,,,,,,,,,,,,,,,,,,,,,,,,,,,,,,,,,,,
Nikola Djurisic,SF,-%,8.5,10,6' 7.00'',,8' 6.50'',208.8,6' 8.00'',25,,,,,,,,,,,,,,,,,,,,,,,,,,,,,,,,,,,,,,,,,,,,
Johnny Furphy,SF,-%,8,9.5,6' 7.50'',,8' 8.50'',188.8,6' 8.00'',25,,,,,,,,,,,,,,,,,,,,,,,,,,,,,,,,,,,,,,,,,,,,
Payton Sandfort,SF,-%,8.5,9,6' 6.25'',,8' 8.00'',212,6' 8.00'',25,,,,,,,,,,,,,,,,,,,,,,,,,,,,,,,,,,,,,,,,,,,,
Jaylon Tyson,SF,-%,8.25,9.5,6' 5.50'',,8' 6.50'',218.2,6' 8.00'',25,,,,,,,,,,,,,,,,,,,,,,,,,,,,,,,,,,,,,,,,,,,,
Melvin Ajinca,SF,-%,8.5,9.75,6' 7.25'',,8' 10.5'',213.8,6' 7.5'',25,,,,,,,,,,,,,,,,,,,,,,,,,,,,,,,,,,,,,,,,,,,,
Pelle Larsson,SG,-%,8.75,10.25,6' 5.25'',,8' 6.00'',212.4,6' 7.50'',25,,,,,,,,,,,,,,,,,,,,,,,,,,,,,,,,,,,,,,,,,,,,
Bronny James,SG,-%,8.5,9.5,6' 1.50'',,8' 2.50'',210.4,6' 7.25'',25,,,,,,,,,,,,,,,,,,,,,,,,,,,,,,,,,,,,,,,,,,,,
Jaylen Wells,SF,-%,8.25,9.25,6' 6.50'',,8' 7.50'',206.2,6' 7.25'',25,,,,,,,,,,,,,,,,,,,,,,,,,,,,,,,,,,,,,,,,,,,,
Boogie Ellis,PG-SG,-%,9,9.5,6' 0.75'',,8' 2.00'',185,6' 7.00'',25,,,,,,,,,,,,,,,,,,,,,,,,,,,,,,,,,,,,,,,,,,,,
David Jones,SF,-%,8.5,9.5,6' 3.50'',,8' 4.00'',211.2,6' 6.75'',25,,,,,,,,,,,,,,,,,,,,,,,,,,,,,,,,,,,,,,,,,,,,
Tristen Newton,PG,-%,8.5,9,6' 3.25'',,8' 4.00'',191.8,6' 6.75'',25,,,,,,,,,,,,,,,,,,,,,,,,,,,,,,,,,,,,,,,,,,,,
Reece Beekman,PG,-%,8.5,9,6' 1.25'',,8' 4.00'',196.4,6' 6.50'',25,,,,,,,,,,,,,,,,,,,,,,,,,,,,,,,,,,,,,,,,,,,,
Juan Nunez,PG,-%,8.5,9.5,6' 4'',,8' 6'',205.6,6' 6.5'',25,,,,,,,,,,,,,,,,,,,,,,,,,,,,,,,,,,,,,,,,,,,,
Ajay Mitchell,PG,-%,8.5,8.5,6' 3.25'',,8' 5.00'',197,6' 6.25'',25,,,,,,,,,,,,,,,,,,,,,,,,,,,,,,,,,,,,,,,,,,,,
Nikola Topic,PG,-%,8,9,6' 5.75'',,8' 6'',203,6' 5.5'',25,,,,,,,,,,,,,,,,,,,,,,,,,,,,,,,,,,,,,,,,,,,,
Cam Spencer,SG,-%,8.5,9.75,6' 3.00'',,8' 2.50'',201.8,6' 5.00'',25,,,,,,,,,,,,,,,,,,,,,,,,,,,,,,,,,,,,,,,,,,,,
Isaiah Collier,PG,-%,8.5,9,6' 2.50'',,8' 1.50'',204.6,6' 4.75'',25,,,,,,,,,,,,,,,,,,,,,,,,,,,,,,,,,,,,,,,,,,,,
KJ Simpson,PG,-%,8.25,9.25,6' 0.25'',,7' 9.50'',187,6' 4.50'',25,,,,,,,,,,,,,,,,,,,,,,,,,,,,,,,,,,,,,,,,,,,,
Jared McCain,SG,-%,8.25,9.5,6' 2.00'',,8' 2.00'',203.2,6' 3.50'',25,,,,,,,,,,,,,,,,,,,,,,,,,,,,,,,,,,,,,,,,,,,,
Reed Sheppard,PG,-%,7.75,9,6' 1.75'',,7' 9.50'',181.6,6' 3.25'',25,,,,,,,,,,,,,,,,,,,,,,,,,,,,,,,,,,,,,,,,,,,,
Robert Dillingham,PG,-%,8,8.25,6' 1.00'',,7' 11.00'',164.2,6' 3.00'',25,,,,,,,,,,,,,,,,,,,,,,,,,,,,,,,,,,,,,,,,,,,,
Jamal Shead,PG,-%,8.25,8.75,6' 0.25'',,8' 0.00'',200.8,6' 3.00'',25,,,,,,,,,,,,,,,,,,,,,,,,,,,,,,,,,,,,,,,,,,,,
Tyler Kolek,PG,-%,8.25,9.5,6' 1.25'',,7' 11.00'',196.6,6' 2.75'',25,,,,,,,,,,,,,,,,,,,,,,,,,,,,,,,,,,,,,,,,,,,,
Mark Sears,PG,-%,8,8.5,5' 10.25'',,7' 8.00'',192.4,6' 2.00'',25,,,,,,,,,,,,,,,,,,,,,,,,,,,,,,,,,,,,,,,,,,,,
,,,,,,,,,,,,,,,,,,,,,,,,,,,,,,,,,,,,,,,,,,,,,,,,,,,,,,
Zach Edey,C,-%,9.75,11,7' 3.25'',,9' 7.50'',306.4,7' 10.50'',24,,,,,,,,,,,,,,,,,,,,,,,,,,,,,,,,,,,,,,,,,,,,
Ryan Kalkbrenner,C,-%,9.25,11,7' 0.75'',,9' 4.50'',251.8,7' 5.00'',24,,,,,,,,,,,,,,,,,,,,,,,,,,,,,,,,,,,,,,,,,,,,
Oscar Tshiebwe,C,-%,9.75,10.25,6' 7.25'',,9' 0.00'',253.6,7' 3.50'',24,,,,,,,,,,,,,,,,,,,,,,,,,,,,,,,,,,,,,,,,,,,,
Mouhamed Gueye,C,-%,9,10,6' 10.25'',,9' 2.50'',212.6,7' 3.25'',24,,,,,,,,,,,,,,,,,,,,,,,,,,,,,,,,,,,,,,,,,,,,
Adama Sanogo,C,-%,9.75,10,6' 7.25'',,9' 0.50'',257.8,7' 2.75'',24,,,,,,,,,,,,,,,,,,,,,,,,,,,,,,,,,,,,,,,,,,,,
Tristan Vukcevic,C,-%,9,10.25,6' 11.25'',,9' 3.00'',223.4,7' 2.50'',24,,,,,,,,,,,,,,,,,,,,,,,,,,,,,,,,,,,,,,,,,,,,
Jarace Walker,PF,-%,9,10,6' 6.50'',,8' 8.50'',248.6,7' 2.50'',24,,,,,,,,,,,,,,,,,,,,,,,,,,,,,,,,,,,,,,,,,,,,
Leonard Miller,PF,-%,9.5,10.5,6' 9.25'',,8' 10.50'',212.8,7' 2.00'',24,,,,,,,,,,,,,,,,,,,,,,,,,,,,,,,,,,,,,,,,,,,,
Rayan Rupert,SF,-%,8.5,9.5,6' 6.00'',,8' 10.00'',193.2,7' 2.00'',24,,,,,,,,,,,,,,,,,,,,,,,,,,,,,,,,,,,,,,,,,,,,
Drew Timme,C,-%,9,10,6' 8.75'',,9' 0.50'',243.2,7' 1.75'',24,,,,,,,,,,,,,,,,,,,,,,,,,,,,,,,,,,,,,,,,,,,,
Jordan Walsh,SF,-%,8.75,8.5,6' 5.75'',,8' 11.00'',204,7' 1.75'',24,,,,,,,,,,,,,,,,,,,,,,,,,,,,,,,,,,,,,,,,,,,,
Trayce Jackson-Davis,C,-%,9.25,10.75,6' 8.25'',,8' 10.00'',240.4,7' 1.00'',24,,,,,,,,,,,,,,,,,,,,,,,,,,,,,,,,,,,,,,,,,,,,
Olivier-Maxence Prosper,PF,-%,8.25,10,6' 6.75'',,8' 8.00'',212.4,7' 1.00'',24,,,,,,,,,,,,,,,,,,,,,,,,,,,,,,,,,,,,,,,,,,,,
Kobe Brown,PF,-%,8.75,9.75,6' 6.50'',,8' 10.50'',252.2,7' 0.75'',24,,,,,,,,,,,,,,,,,,,,,,,,,,,,,,,,,,,,,,,,,,,,
Toumani Camara,PF,-%,9,10,6' 7.00'',,8' 11.00'',220.4,7' 0.50'',24,,,,,,,,,,,,,,,,,,,,,,,,,,,,,,,,,,,,,,,,,,,,
Taylor Hendricks,PF,-%,9.25,10.25,6' 8.25'',,8' 11.00'',213.6,7' 0.50'',24,,,,,,,,,,,,,,,,,,,,,,,,,,,,,,,,,,,,,,,,,,,,
DaRon Holmes II,C,-%,8.5,9.5,6' 9.00'',,9' 1.00'',220.8,7' 0.50'',24,,,,,,,,,,,,,,,,,,,,,,,,,,,,,,,,,,,,,,,,,,,,
Arthur Kaluma,PF,-%,8.5,10,6' 6.25'',,8' 7.50'',221.8,7' 0.50'',24,,,,,,,,,,,,,,,,,,,,,,,,,,,,,,,,,,,,,,,,,,,,
Coleman Hawkins,PF,-%,8.75,8.75,6' 8.50'',,9' 0.50'',224.4,7' 0.25'',24,,,,,,,,,,,,,,,,,,,,,,,,,,,,,,,,,,,,,,,,,,,,
Keyontae Johnson,SF,-%,9,9,6' 4.00'',,8' 7.00'',238.6,7' 0.00'',24,,,,,,,,,,,,,,,,,,,,,,,,,,,,,,,,,,,,,,,,,,,,
Maxwell Lewis,SG,-%,8.75,9.5,6' 6.25'',,8' 8.50'',207.2,7' 0.00'',24,,,,,,,,,,,,,,,,,,,,,,,,,,,,,,,,,,,,,,,,,,,,
Grant Nelson,PF,-%,9,9.5,6' 10.00'',,8' 10.50'',223.4,7' 0.00'',24,,,,,,,,,,,,,,,,,,,,,,,,,,,,,,,,,,,,,,,,,,,,
Amen Thompson,SG,-%,8.5,8.5,6' 5.75'',,8' 7.50'',214.2,7' 0.00'',24,,,,,,,,,,,,,,,,,,,,,,,,,,,,,,,,,,,,,,,,,,,,
Ausar Thompson,SG,-%,8.75,9.25,6' 5.75'',,8' 8.00'',218.2,7' 0.00'',24,,,,,,,,,,,,,,,,,,,,,,,,,,,,,,,,,,,,,,,,,,,,
Jordan Miller,SF,-%,8.5,9.25,6' 4.50'',,8' 7.50'',191.6,6' 11.75'',24,,,,,,,,,,,,,,,,,,,,,,,,,,,,,,,,,,,,,,,,,,,,
Kris Murray,PF,-%,8.5,9,6' 7.75'',,8' 10.00'',212.8,6' 11.75'',24,,,,,,,,,,,,,,,,,,,,,,,,,,,,,,,,,,,,,,,,,,,,
Jalen Slawson,PF,-%,9,9,6' 6.50'',,8' 10.00'',221.6,6' 11.75'',24,,,,,,,,,,,,,,,,,,,,,,,,,,,,,,,,,,,,,,,,,,,,
GG Jackson,PF,-%,8.5,10,6' 8.25'',,8' 10.00'',214.4,6' 11.50'',24,,,,,,,,,,,,,,,,,,,,,,,,,,,,,,,,,,,,,,,,,,,,
Julian Phillips,SF,-%,8.5,9,6' 6.75'',,8' 6.00'',196.6,6' 11.50'',24,,,,,,,,,,,,,,,,,,,,,,,,,,,,,,,,,,,,,,,,,,,,
Chris Livingston,SF,-%,8.5,9,6' 6.00'',,8' 8.50'',219.2,6' 11.25'',24,,,,,,,,,,,,,,,,,,,,,,,,,,,,,,,,,,,,,,,,,,,,
Azuolas Tubelis,PF,-%,9,10.5,6' 8.75'',,9' 0.00'',234.8,6' 11.00'',24,,,,,,,,,,,,,,,,,,,,,,,,,,,,,,,,,,,,,,,,,,,,
Jalen Hood-Schifino,PG,-%,9,9.75,6' 4.25'',,8' 4.50'',216.6,6' 10.25'',24,,,,,,,,,,,,,,,,,,,,,,,,,,,,,,,,,,,,,,,,,,,,
Seth Lundy,SF,-%,8.5,9,6' 4.00'',,8' 8.00'',214.4,6' 10.25'',24,,,,,,,,,,,,,,,,,,,,,,,,,,,,,,,,,,,,,,,,,,,,
Dariq Whitehead,SG,-%,8.5,10,6' 5.75'',,8' 7.50'',217.2,6' 10.25'',24,,,,,,,,,,,,,,,,,,,,,,,,,,,,,,,,,,,,,,,,,,,,
Trey Alexander,SG,-%,8.5,8.75,6' 3.25'',,8' 5.50'',184.6,6' 10.00'',24,,,,,,,,,,,,,,,,,,,,,,,,,,,,,,,,,,,,,,,,,,,,
Dillon Mitchell,PF,-%,8.25,9.5,6' 6.75'',,8' 9.00'',193,6' 10.00'',24,,,,,,,,,,,,,,,,,,,,,,,,,,,,,,,,,,,,,,,,,,,,
Sidy Cissoko,SF,-%,9.25,10,6' 5.50'',,8' 8.00'',223.8,6' 9.75'',24,,,,,,,,,,,,,,,,,,,,,,,,,,,,,,,,,,,,,,,,,,,,
Andre Jackson Jr.,SF,-%,8.25,9.5,6' 5.50'',,8' 7.00'',198.4,6' 9.75'',24,,,,,,,,,,,,,,,,,,,,,,,,,,,,,,,,,,,,,,,,,,,,
Omari Moore,SG,-%,9,10.25,6' 5.25'',,8' 7.5'',188.6,6' 9.75'',24,,,,,,,,,,,,,,,,,,,,,,,,,,,,,,,,,,,,,,,,,,,,
Jaime Jaquez Jr.,SF,-%,8.5,9.5,6' 6.00'',,8' 3.50'',226.4,6' 9.50'',24,,,,,,,,,,,,,,,,,,,,,,,,,,,,,,,,,,,,,,,,,,,,
Julian Strawther,SF,-%,8.25,8.25,6' 6.00'',,8' 9.00'',208.8,6' 9.25'',24,,,,,,,,,,,,,,,,,,,,,,,,,,,,,,,,,,,,,,,,,,,,
Emoni Bates,SF,-%,8,8.25,6' 8.25'',,8' 9.00'',179.2,6' 9.00'',24,,,,,,,,,,,,,,,,,,,,,,,,,,,,,,,,,,,,,,,,,,,,
Jaylen Clark,SG,-%,8.5,9,6' 4.00'',,8' 5.50'',204.2,6' 9.00'',24,,,,,,,,,,,,,,,,,,,,,,,,,,,,,,,,,,,,,,,,,,,,
Ricky Council IV,SF,-%,7.75,8.5,6' 5.00'',,8' 7.00'',208,6' 9.00'',24,,,,,,,,,,,,,,,,,,,,,,,,,,,,,,,,,,,,,,,,,,,,
Gradey Dick,SG,-%,8.25,9,6' 6.25'',,8' 5.00'',204,6' 8.75'',24,,,,,,,,,,,,,,,,,,,,,,,,,,,,,,,,,,,,,,,,,,,,
Cason Wallace,PG,-%,8.5,9.25,6' 2.50'',,8' 5.00'',195.2,6' 8.50'',24,,,,,,,,,,,,,,,,,,,,,,,,,,,,,,,,,,,,,,,,,,,,
Cam Whitmore,SF,-%,8,8.25,6' 5.75'',,8' 7.50'',235,6' 8.50'',24,,,,,,,,,,,,,,,,,,,,,,,,,,,,,,,,,,,,,,,,,,,,
Nikola Djurisic,SF,-%,8.25,9.5,6' 7.00'',,8' 6.00'',217.6,6' 8.25'',24,,,,,,,,,,,,,,,,,,,,,,,,,,,,,,,,,,,,,,,,,,,,
Colby Jones,SG,-%,8.25,8.5,6' 4.50'',,8' 7.00'',199.2,6' 8.00'',24,,,,,,,,,,,,,,,,,,,,,,,,,,,,,,,,,,,,,,,,,,,,
Mojave King,SG,-%,8.75,9.5,6' 3.75'',,8' 5.00'',200.6,6' 8.00'',24,,,,,,,,,,,,,,,,,,,,,,,,,,,,,,,,,,,,,,,,,,,,
Terrence Shannon Jr.,SF,-%,8.25,8,6' 5.50'',,8' 6.00'',220,6' 8.00'',24,,,,,,,,,,,,,,,,,,,,,,,,,,,,,,,,,,,,,,,,,,,,
Jalen Wilson,SF,-%,8.25,9,6' 5.50'',,8' 3.50'',230.2,6' 8.00'',24,,,,,,,,,,,,,,,,,,,,,,,,,,,,,,,,,,,,,,,,,,,,
Kobe Bufkin,SG,-%,8,9.25,6' 4.25'',,8' 6.50'',186.8,6' 7.75'',24,,,,,,,,,,,,,,,,,,,,,,,,,,,,,,,,,,,,,,,,,,,,
Ben Sheppard,SG,-%,8.5,9.5,6' 5.25'',,8' 4.00'',194.6,6' 7.75'',24,,,,,,,,,,,,,,,,,,,,,,,,,,,,,,,,,,,,,,,,,,,,
Anthony Black,PG,-%,8.25,9.5,6' 5.75'',,8' 6.50'',210,6' 7.50'',24,,,,,,,,,,,,,,,,,,,,,,,,,,,,,,,,,,,,,,,,,,,,
Jalen Pickett,PG,-%,8.5,7.5,6' 2.00'',,8' 2.50'',197.8,6' 7.25'',24,,,,,,,,,,,,,,,,,,,,,,,,,,,,,,,,,,,,,,,,,,,,
Amari Bailey,SG,-%,8,9.25,6' 3.25'',,8' 7.50'',190.8,6' 7.00'',24,,,,,,,,,,,,,,,,,,,,,,,,,,,,,,,,,,,,,,,,,,,,
Reece Beekman,PG,-%,8.5,8.25,6' 1.50'',,8' 4.50'',190.6,6' 7.00'',24,,,,,,,,,,,,,,,,,,,,,,,,,,,,,,,,,,,,,,,,,,,,
Marcus Sasser,PG,-%,8.75,9.5,6' 1.25'',,8' 3.50'',195.6,6' 7.00'',24,,,,,,,,,,,,,,,,,,,,,,,,,,,,,,,,,,,,,,,,,,,,
Jordan Hawkins,SG,-%,8.25,8.75,6' 4.25'',,8' 5.50'',186,6' 6.75'',24,,,,,,,,,,,,,,,,,,,,,,,,,,,,,,,,,,,,,,,,,,,,
Terquavion Smith,SG,-%,8.5,8,6' 2.50'',,8' 2.00'',163.2,6' 6.75'',24,,,,,,,,,,,,,,,,,,,,,,,,,,,,,,,,,,,,,,,,,,,,
Isaiah Wong,SG,-%,8.25,9.5,6' 2.50'',,8' 1.50'',178.4,6' 6.75'',24,,,,,,,,,,,,,,,,,,,,,,,,,,,,,,,,,,,,,,,,,,,,
Brandin Podziemski,SG,-%,8.25,10,6' 3.75'',,8' 0.50'',203.8,6' 5.50'',24,,,,,,,,,,,,,,,,,,,,,,,,,,,,,,,,,,,,,,,,,,,,
Adam Flagler,PG,-%,8,9.25,6' 1.00'',,8' 1.00'',191.8,6' 4.50'',24,,,,,,,,,,,,,,,,,,,,,,,,,,,,,,,,,,,,,,,,,,,,
Judah Mintz,PG,-%,8.25,9.25,6' 3.00'',,8' 2.00'',176.4,6' 3.50'',24,,,,,,,,,,,,,,,,,,,,,,,,,,,,,,,,,,,,,,,,,,,,
Mike Miles Jr.,PG,-%,8,8.25,6' 0.75'',,8' 0.00'',205,6' 0.50'',24,,,,,,,,,,,,,,,,,,,,,,,,,,,,,,,,,,,,,,,,,,,,
,,,,,,,,,,,,,,,,,,,,,,,,,,,,,,,,,,,,,,,,,,,,,,,,,,,,,,
Mark Williams,C,5.40%,9,9.75,7' 0.00'',7' 2.00'',9' 9.00'',242.4,7' 6.50'',23,,,,,,,,,,,,,,,,,,,,,,,,,,,,,,,,,,,,,,,,,,,,
Christian Koloko,C,5.70%,9,10.75,6' 10.75'',7' 0.00'',9' 5.00'',221,7' 5.25'',23,,,,,,,,,,,,,,,,,,,,,,,,,,,,,,,,,,,,,,,,,,,,
Kofi Cockburn,C,8.20%,9.75,10.25,6' 11.00'',7' 0.00'',9' 2.50'',293,7' 4.25'',23,,,,,,,,,,,,,,,,,,,,,,,,,,,,,,,,,,,,,,,,,,,,
Walker Kessler,C,14.70%,8.5,8.5,7' 0.25'',7' 1.00'',9' 5.00'',256,7' 4.25'',23,,,,,,,,,,,,,,,,,,,,,,,,,,,,,,,,,,,,,,,,,,,,
Orlando Robinson,C,9.50%,8.75,10,6' 9.75'',6' 11.00'',9' 3.00'',244.4,7' 4.00'',23,,,,,,,,,,,,,,,,,,,,,,,,,,,,,,,,,,,,,,,,,,,,
Dominick Barlow,PF,5.90%,9,10.5,6' 8.75'',6' 9.75'',9' 0.50'',221,7' 3.00'',23,,,,,,,,,,,,,,,,,,,,,,,,,,,,,,,,,,,,,,,,,,,,
Trevion Williams,C,10.80%,9,10.25,6' 7.25'',6' 8.75'',9' 0.50'',264.6,7' 2.75'',23,,,,,,,,,,,,,,,,,,,,,,,,,,,,,,,,,,,,,,,,,,,,
Moussa Diabate,C,2.70%,8.5,10.5,6' 9.25'',6' 10.25'',9' 1.50'',216.6,7' 2.50'',23,,,,,,,,,,,,,,,,,,,,,,,,,,,,,,,,,,,,,,,,,,,,
Justin Lewis,PF,7.30%,9,10.5,6' 6.25'',6' 7.50'',8' 9.50'',235.4,7' 2.50'',23,,,,,,,,,,,,,,,,,,,,,,,,,,,,,,,,,,,,,,,,,,,,
John Butler Jr.,PF,4.70%,8.5,8.75,6' 11.75'',7' 0.75'',9' 4.00'',174.4,7' 2.25'',23,,,,,,,,,,,,,,,,,,,,,,,,,,,,,,,,,,,,,,,,,,,,
Jalen Williams,SG,8.90%,8.5,9.5,6' 4.50'',6' 5.75'',8' 9.50'',209.2,7' 2.25'',23,,,,,,,,,,,,,,,,,,,,,,,,,,,,,,,,,,,,,,,,,,,,
Tari Eason,PF,5.90%,9.25,11,6' 6.75'',6' 8.00'',8' 11.50'',217.4,7' 2.00'',23,,,,,,,,,,,,,,,,,,,,,,,,,,,,,,,,,,,,,,,,,,,,
Leonard Miller,SF,5.70%,9.25,10.5,6' 8.50'',6' 10.00'',8' 10.50'',211,7' 2.00'',23,,,,,,,,,,,,,,,,,,,,,,,,,,,,,,,,,,,,,,,,,,,,
Drew Timme,C,15.70%,9,10,6' 8.25'',6' 9.25'',8' 11.50'',231.6,7' 2.00'',23,,,,,,,,,,,,,,,,,,,,,,,,,,,,,,,,,,,,,,,,,,,,
Patrick Baldwin Jr.,SF,8.90%,8.75,9.5,6' 9.25'',6' 10.25'',9' 2.50'',230.8,7' 1.75'',23,,,,,,,,,,,,,,,,,,,,,,,,,,,,,,,,,,,,,,,,,,,,
Ron Harper Jr.,SF,14.30%,9.5,10,6' 4.00'',6' 5.50'',8' 9.50'',240.4,7' 1.25'',23,,,,,,,,,,,,,,,,,,,,,,,,,,,,,,,,,,,,,,,,,,,,
Jaylin Williams,C,8.00%,8.5,10.5,6' 8.75'',6' 10.00'',9' 0.50'',236.6,7' 1.00'',23,,,,,,,,,,,,,,,,,,,,,,,,,,,,,,,,,,,,,,,,,,,,
MarJon Beauchamp,SG,5.30%,9,9,6' 5.25'',6' 6.50'',8' 10.00'',196.6,7' 0.75'',23,,,,,,,,,,,,,,,,,,,,,,,,,,,,,,,,,,,,,,,,,,,,
Dalen Terry,SG,5.40%,8.5,9,6' 6.00'',6' 7.25'',8' 10.00'',195.2,7' 0.75'',23,,,,,,,,,,,,,,,,,,,,,,,,,,,,,,,,,,,,,,,,,,,,
Wendell Moore,SG,7.50%,8.75,10.25,6' 4.25'',6' 5.50'',8' 5.00'',217.2,7' 0.50'',23,,,,,,,,,,,,,,,,,,,,,,,,,,,,,,,,,,,,,,,,,,,,
Peyton Watson,SF,5.20%,8.5,9.5,6' 6.75'',6' 8.00'',8' 11.50'',203.4,7' 0.50'',23,,,,,,,,,,,,,,,,,,,,,,,,,,,,,,,,,,,,,,,,,,,,
Michael Foster Jr.,C,6.20%,8.75,10,6' 7.75'',6' 9.25'',9' 1.50'',236.6,7' 0.25'',23,,,,,,,,,,,,,,,,,,,,,,,,,,,,,,,,,,,,,,,,,,,,
Harrison Ingram,SF,8.30%,9,10,6' 5.25'',6' 7.00'',8' 7.50'',232.8,7' 0.25'',23,,,,,,,,,,,,,,,,,,,,,,,,,,,,,,,,,,,,,,,,,,,,
Nikola Jovic,SF,7.40%,8.75,9.75,6' 9.50'',6' 11.00'',9' 0.50'',222.6,7' 0.25'',23,,,,,,,,,,,,,,,,,,,,,,,,,,,,,,,,,,,,,,,,,,,,
E.J. Liddell,PF,12.20%,8.25,9.25,6' 5.50'',6' 7.00'',8' 7.50'',243,6' 11.75'',23,,,,,,,,,,,,,,,,,,,,,,,,,,,,,,,,,,,,,,,,,,,,
David Roddy,PF,11.60%,8.75,10,6' 4.50'',6' 6.00'',8' 9.00'',260.8,6' 11.50'',23,,,,,,,,,,,,,,,,,,,,,,,,,,,,,,,,,,,,,,,,,,,,
Shaedon Sharpe,SG,4.80%,9,9.25,6' 4.25'',6' 5.25'',8' 7.50'',198,6' 11.50'',23,,,,,,,,,,,,,,,,,,,,,,,,,,,,,,,,,,,,,,,,,,,,
Kendall Brown,SF,4.90%,9,9,6' 6.25'',6' 7.50'',8' 7.00'',201.2,6' 11.00'',23,,,,,,,,,,,,,,,,,,,,,,,,,,,,,,,,,,,,,,,,,,,,
Johnny Juzang,SG,7.50%,8.5,9.5,6' 5.25'',6' 6.50'',8' 6.50'',208.6,6' 11.00'',23,,,,,,,,,,,,,,,,,,,,,,,,,,,,,,,,,,,,,,,,,,,,
Aminu Mohammed,SG-SF,5.10%,8.75,9.5,6' 3.50'',6' 5.00'',8' 8.00'',212.8,6' 11.00'',23,,,,,,,,,,,,,,,,,,,,,,,,,,,,,,,,,,,,,,,,,,,,
Jabari Walker,PF,12.10%,8.75,9.75,6' 6.75'',6' 8.00'',8' 9.00'',213.8,6' 10.75'',23,,,,,,,,,,,,,,,,,,,,,,,,,,,,,,,,,,,,,,,,,,,,
Dyson Daniels,SG,4.90%,8.5,9.75,6' 6.00'',6' 7.50'',8' 9.00'',195.2,6' 10.50'',23,,,,,,,,,,,,,,,,,,,,,,,,,,,,,,,,,,,,,,,,,,,,
Matthew Mayer,SF,11.10%,9,10.25,6' 8.00'',6' 9.25'',8' 9.00'',216.4,6' 10.50'',23,,,,,,,,,,,,,,,,,,,,,,,,,,,,,,,,,,,,,,,,,,,,
Ochai Agbaji,SG,5.40%,8.75,9.5,6' 4.50'',6' 5.75'',8' 8.00'',216.8,6' 10.25'',23,,,,,,,,,,,,,,,,,,,,,,,,,,,,,,,,,,,,,,,,,,,,
Malaki Branham,SG,6.10%,8.5,9.75,6' 4.00'',6' 5.50'',8' 6.50'',194.8,6' 10.00'',23,,,,,,,,,,,,,,,,,,,,,,,,,,,,,,,,,,,,,,,,,,,,
Julian Champagnie,SF,7.10%,8.75,9.25,6' 6.25'',6' 7.75'',8' 11.00'',212.4,6' 10.00'',23,,,,,,,,,,,,,,,,,,,,,,,,,,,,,,,,,,,,,,,,,,,,
Ryan Rollins,SG,5.00%,8,8.5,6' 2.00'',6' 3.25'',8' 4.50'',179.2,6' 9.75'',23,,,,,,,,,,,,,,,,,,,,,,,,,,,,,,,,,,,,,,,,,,,,
Jake LaRavia,PF,9.00%,8.5,10.25,6' 6.75'',6' 8.00'',8' 8.00'',227.2,6' 9.50'',23,,,,,,,,,,,,,,,,,,,,,,,,,,,,,,,,,,,,,,,,,,,,
Julian Strawther,SF,7.90%,8.25,8.5,6' 5.75'',6' 7.00'',8' 8.50'',207.6,6' 9.50'',23,,,,,,,,,,,,,,,,,,,,,,,,,,,,,,,,,,,,,,,,,,,,
Blake Wesley,SG,5.60%,8.25,9,6' 3.00'',6' 4.25'',8' 7.00'',187.2,6' 9.25'',23,,,,,,,,,,,,,,,,,,,,,,,,,,,,,,,,,,,,,,,,,,,,
Bennedict Mathurin,SG,5.70%,8.5,9.75,6' 4.50'',6' 6.00'',8' 8.00'',204.6,6' 9.00'',23,,,,,,,,,,,,,,,,,,,,,,,,,,,,,,,,,,,,,,,,,,,,
Max Christie,SG,4.80%,8,8.5,6' 4.25'',6' 5.75'',8' 6.50'',189.2,6' 8.75'',23,,,,,,,,,,,,,,,,,,,,,,,,,,,,,,,,,,,,,,,,,,,,
Bryce McGowens,SG,5.40%,8.75,9.5,6' 5.25'',6' 6.50'',8' 7.50'',181.2,6' 8.75'',23,,,,,,,,,,,,,,,,,,,,,,,,,,,,,,,,,,,,,,,,,,,,
Dereon Seabron,SG,4.00%,8.5,9.5,6' 4.75'',6' 5.75'',8' 7.50'',182.4,6' 8.75'',23,,,,,,,,,,,,,,,,,,,,,,,,,,,,,,,,,,,,,,,,,,,,
Johnny Davis,PG,6.70%,8.5,10.25,6' 4.25'',6' 5.75'',8' 7.50'',196.4,6' 8.50'',23,,,,,,,,,,,,,,,,,,,,,,,,,,,,,,,,,,,,,,,,,,,,
Keon Ellis,SG,3.80%,8,9.25,6' 3.50'',6' 4.75'',8' 6.00'',167.4,6' 8.50'',23,,,,,,,,,,,,,,,,,,,,,,,,,,,,,,,,,,,,,,,,,,,,
Iverson Molinar,PG,4.80%,8.5,9.5,6' 2.25'',6' 3.25'',8' 5.00'',183.2,6' 8.00'',23,,,,,,,,,,,,,,,,,,,,,,,,,,,,,,,,,,,,,,,,,,,,
Gabriele Procida,SG-SF,3.80%,8,9.25,6' 5.75'',6' 7.75'',8' 10.00'',192.8,6' 8.00'',23,,,,,,,,,,,,,,,,,,,,,,,,,,,,,,,,,,,,,,,,,,,,
Matteo Spagnolo,PG,8.60%,8.25,10,6' 4.00'',6' 5.50'',8' 6.00'',196.2,6' 8.00'',23,,,,,,,,,,,,,,,,,,,,,,,,,,,,,,,,,,,,,,,,,,,,
TyTy Washington Jr.,SG,12.00%,8.5,9.25,6' 2.25'',6' 3.75'',8' 3.50'',196.4,6' 8.00'',23,,,,,,,,,,,,,,,,,,,,,,,,,,,,,,,,,,,,,,,,,,,,
Trevor Keels,SG,13.50%,8.25,9,6' 3.25'',6' 4.75'',8' 5.00'',223.8,6' 7.25'',23,,,,,,,,,,,,,,,,,,,,,,,,,,,,,,,,,,,,,,,,,,,,
Alondes Williams,SG,7.20%,8.5,9.25,6' 3.75'',6' 5.00'',8' 6.00'',209,6' 7.00'',23,,,,,,,,,,,,,,,,,,,,,,,,,,,,,,,,,,,,,,,,,,,,
Christian Braun,SG,6.20%,8,8.5,6' 5.50'',6' 7.00'',8' 3.50'',209.2,6' 6.50'',23,,,,,,,,,,,,,,,,,,,,,,,,,,,,,,,,,,,,,,,,,,,,
JD Davison,PG,7.80%,8.5,9.5,6' 0.50'',6' 2.50'',8' 3.50'',191.8,6' 6.50'',23,,,,,,,,,,,,,,,,,,,,,,,,,,,,,,,,,,,,,,,,,,,,
Terquavion Smith,SG,3.80%,8.5,8,6' 2.25'',6' 3.75'',8' 2.00'',165.2,6' 6.50'',23,,,,,,,,,,,,,,,,,,,,,,,,,,,,,,,,,,,,,,,,,,,,
Andrew Nembhard,PG,4.40%,8,9.5,6' 3.00'',6' 4.50'',8' 3.00'',195.6,6' 5.75'',23,,,,,,,,,,,,,,,,,,,,,,,,,,,,,,,,,,,,,,,,,,,,
Scotty Pippen Jr.,PG,5.30%,7.75,9,6' 0.00'',6' 1.50'',7' 11.50'',180,6' 5.75'',23,,,,,,,,,,,,,,,,,,,,,,,,,,,,,,,,,,,,,,,,,,,,
Hugo Besson,SG,8.80%,7.5,8.5,6' 4.50'',6' 5.75'',8' 6.00'',180.4,6' 5.50'',23,,,,,,,,,,,,,,,,,,,,,,,,,,,,,,,,,,,,,,,,,,,,
Kennedy Chandler,PG,4.40%,8.5,9.5,5' 11.50'',6' 0.50'',8' 1.00'',172.2,6' 5.25'',23,,,,,,,,,,,,,,,,,,,,,,,,,,,,,,,,,,,,,,,,,,,,
Jean Montero,PG,7.40%,8,8.75,6' 1.00'',6' 2.25'',8' 2.50'',171.8,6' 5.25'',23,,,,,,,,,,,,,,,,,,,,,,,,,,,,,,,,,,,,,,,,,,,,
Collin Gillespie,PG,8.60%,8.25,9,6' 1.50'',6' 2.75'',8' 2.00'',195.8,6' 4.00'',23,,,,,,,,,,,,,,,,,,,,,,,,,,,,,,,,,,,,,,,,,,,,
,,,,,,,,,,,,,,,,,,,,,,,,,,,,,,,,,,,,,,,,,,,,,,,,,,,,,,
,,,,,,,,,,,,,,,,,,,,,,,,,,,,,,,,,,,,,,,,,,,,,,,,,,,,,,
,,,,,,,,,,,,,,,,,,,,,,,,,,,,,,,,,,,,,,,,,,,,,,,,,,,,,,
,,,,,,,,,,,,,,,,,,,,,,,,,,,,,,,,,,,,,,,,,,,,,,,,,,,,,,
,,,,,,,,,,,,,,,,,,,,,,,,,,,,,,,,,,,,,,,,,,,,,,,,,,,,,,
,,,,,,,,,,,,,,,,,,,,,,,,,,,,,,,,,,,,,,,,,,,,,,,,,,,,,,