Name,POS,GP,MIN,PTS,FGM,FGA,FG%,3PM,3PA,3P%,FTM,FTA,FT%,REB,AST,STL,BLK,TO
Zach Edey,C,39,32,25.2,8.6,13.8,62.3,0,0.1,50,7.9,11.2,71.1,12.2,2,0.3,2.2,2.3
Tommy Bruner,G,34,33.8,24,7.7,17.7,43.5,2.4,6.8,35.3,6.2,7.6,80.8,2.8,4.2,1.3,0.1,3.6
Terrence Shannon Jr.,G,32,34,23,6.8,14.4,47.5,2.4,6.7,36.2,6.9,8.6,80.1,4,2.3,1,0.9,2
Tyler Thomas,G,33,37.9,22.5,8,19.4,41.4,3.8,10.2,37.1,2.6,3.1,86.1,5.2,3.3,1.3,0.5,2.1
Xavier Johnson,G,32,36.7,22.2,6.6,15.6,42.2,2.1,5.8,36.8,6.8,7.7,89,4.1,6.1,1.5,0.3,3.3
David Jones Garcia,F,32,32.4,21.8,7,15.2,45.9,2.5,6.5,38,5.4,6.8,79.7,7.6,1.8,2.2,0.4,3
Tyson Acuff,G,27,37.9,21.7,8.1,18.7,43.3,1.8,6.2,29.2,3.7,4.5,81.1,3.6,2.8,1.1,0.1,2
Dalton Knecht,G,36,30.6,21.7,7.3,16,45.8,2.6,6.5,39.7,4.4,5.7,77.2,4.9,1.8,0.7,0.6,1.7
Jordan Sears,G,32,33.6,21.6,7.1,16.4,43.2,2.4,5.5,43.2,5.1,6,83.9,4.6,4.5,1.3,0.2,3.2
Tucker DeVries,G,34,35.5,21.6,7.2,16.2,44.4,2.6,7.1,36.3,4.6,5.7,81.3,6.7,3.7,1.6,0.3,2.5
Mark Sears,G,37,33.6,21.5,6.8,13.4,50.8,2.6,5.9,43.6,5.4,6.2,85.7,4.2,4,1.6,0.1,2.4
Jaedon LeDee,F,36,32.6,21.4,7.3,13.1,56,0.6,1.3,44.4,6.3,8.6,73.4,8.4,1.3,1.2,0.5,2.4
Jordan Johnson,G,32,35.8,21.3,6.6,17,38.7,2.5,7.4,34,5.7,6.9,82.4,3.2,3.8,1.5,0.2,2.4
Jalen Blackmon,G,35,34.8,21.3,7,16.3,42.8,3.1,8.3,38.1,4.2,4.6,90.7,2.9,1.9,0.8,0.1,1.9
PJ Haggerty,G,31,33.6,21.2,6.4,13,49.3,0.7,2.5,28.9,7.6,10,76.7,5.5,3.8,1.9,0,2.6
RJ Davis,G,37,34.8,21.2,7,16.4,42.8,3.1,7.7,39.8,4.1,4.7,87.3,3.6,3.5,1.2,0.2,1.5
BJ Freeman,G,27,32.2,21.1,7,16.6,42.2,2.4,7,35.1,4.7,5.7,82.4,6.6,4.1,1.1,0.4,3.6
Vonterius Woolbright,G,32,35.3,21.1,7.4,16,46,0.3,1.3,24.4,6,8.4,71.7,12,5.6,0.6,0,3.5
Keion Brooks Jr.,F,32,35.1,21.1,7.1,14.6,48.7,1.6,4.3,38,5.2,6.5,79.4,6.8,1.4,0.7,0.8,1.9
Riley Minix,F,35,33.8,20.9,7.8,14.4,54.1,1.7,4.8,34.9,3.7,4.4,83.9,9.7,2.2,1.3,1,2.3
Landon Glasper,G,24,36.1,20.9,6.3,17.8,35.7,2.6,8.6,30,5.6,7.4,75.8,3.6,2.2,1.4,0.1,1.9
Jayden Stone,G,26,35.9,20.8,7.2,17.1,42.2,2.4,7.7,31.2,4,5,79.4,5.6,2.7,1.5,0.3,2.5
Dillon Jones,F,31,37,20.8,6.9,14.2,48.9,1.1,3.4,32.4,5.8,6.8,85.7,9.8,5.2,2,0.1,3
David Coit,G,29,37,20.8,6.9,17,40.7,3.2,9.6,33.7,3.7,4.2,88.5,3.2,3.4,0.9,0.2,2.4
Elijah Pepper,G,33,33,20.7,6.5,15.8,41.5,3.1,8.2,37.1,4.5,4.9,92,4.6,2.1,1.7,0.3,1.9
Drew Pember,F,33,30.5,20.6,5.8,12.6,46.4,2,5.5,36.6,6.9,8.2,84.4,8.2,3.5,1,1.9,2.7
Marcus Hill,G,34,36.3,20.5,7.5,16.9,44.3,0.8,2.6,28.9,4.8,6.4,74,5,2.6,1,0.3,2.6
Xander Rice,G,33,35.2,20.4,6.1,15.9,38.3,2.8,7.9,34.9,5.5,6.5,85,3,3.6,1.3,0.1,2.1
Jahmir Young,G,32,35.3,20.4,6.2,15.4,40.4,1.8,5.4,32.4,6.2,6.9,90,4.9,4.2,1.3,0.3,2.7
DaRon Holmes II,C,33,32.4,20.4,6.6,12.1,54.4,1,2.5,38.6,6.2,8.8,71.3,8.5,2.6,0.9,2.1,2.2
Antonio Reeves,G,33,31.5,20.2,7.1,13.9,51.2,2.5,5.7,44.7,3.4,4,86.3,4.2,1.6,0.7,0.2,1.2
Frankie Fidler,F,33,36,20.1,6,13.3,45.2,1.6,4.4,35.6,6.5,7.7,85.4,6.3,2.6,1.2,0.4,1.6
Tyon Grant-Foster,G,34,33.4,20.1,6.2,14,44.6,1.5,4.4,33.1,6.2,8.3,74.5,6.1,1.6,1.7,1.5,2.5
Noah Reynolds,G,27,33.4,20,7.5,14.6,51.1,1.3,3.7,34,3.8,4.8,79.1,3.7,4.5,0.8,0.5,2.7
Ajay Mitchell,G,29,31.5,20,6.7,13.3,50.4,1.1,2.9,39.3,5.4,6.3,85.8,4,4,1.2,0.4,2.6
Marques Warrick,G,33,36.2,19.9,6.6,15.5,42.5,2,6.8,29.8,4.7,5.5,86.7,2.5,2.4,1.2,0.1,2.3
Issac McBride,G,31,38.6,19.8,6.6,14.8,44.8,2.1,5.3,39.4,4.5,5,89,3.5,3.1,0.9,0.1,1.7
Trazarien White,F,30,30.4,19.8,6.7,13.7,49.3,0.8,2,39,5.5,7.7,71.6,6.8,1.6,0.8,0.4,2.5
Saint Thomas,F,32,34.8,19.7,7,14.8,47.2,2,6.2,33,3.7,4.3,86.8,9.8,4.2,1.7,0.9,3
Devin Carter,G,33,35.3,19.7,6.6,14,47.3,2.5,6.8,37.7,3.9,5.2,74.9,8.7,3.6,1.8,1,2.7
KJ Simpson,G,37,35.1,19.7,6.6,13.8,47.5,2.1,4.9,43.4,4.4,5,87.6,5.8,4.9,1.6,0.1,2.2
Chaz Lanier,G,32,33.3,19.7,6.7,13.1,51,3.3,7.5,44,3,3.4,88,4.8,1.8,0.9,0.3,1.6
Tristan Enaruna,F,35,33.2,19.6,7.2,14.5,49.8,0.8,2.5,32.2,4.4,6.1,72.1,6.5,2.7,1.2,0.9,1.9
Sebastian Thomas,G,32,35.4,19.6,6.8,15.8,43.1,1.6,5.3,29.4,4.4,5.7,77.5,4.2,4.9,1.9,0.3,2.8
Kobe Sanders,G,29,33.6,19.6,6.1,13.4,45.9,1.3,3.9,33.9,6,6.9,87.4,3.7,3.2,0.8,0.3,2.9
Trey Calvin,G,31,35.4,19.6,6.8,14.2,48.2,2,5,40,3.9,4.4,89.6,2.4,4.2,1.5,0.1,2
Jaylon Tyson,F,31,34.4,19.6,7.2,15.4,46.5,1.6,4.5,36,3.6,4.6,79.6,6.8,3.5,1.2,0.5,3.1
Anthony Dell'Orso,G,32,33.3,19.5,7,14.2,49.2,1.5,4,38,4,4.9,80.9,6.5,1.9,1.6,0.5,2.4
Clarence Daniels,F,31,32.9,19.4,6.7,14.6,45.8,1.7,4.7,36.3,4.4,5.4,80.4,9.6,0.4,1.4,0.5,2.5
Quincy Olivari,G,34,32.2,19.1,5.8,13.7,42.5,3.1,7.6,40.9,4.4,5.4,81.4,5.6,2.1,1.4,0.1,1.6
Jacob Crews,G,32,33.4,19.1,6.4,13.3,48.5,2.8,6.7,41.4,3.5,4.3,81.6,8.2,1.1,0.8,0.5,1.3
Jason Edwards,G,34,32.6,19.1,6.3,14.8,42.5,2.5,7.1,35,4.1,5,80.7,2.4,1.4,0.8,0.1,2.3
Wade Taylor IV,G,36,32.9,19.1,5.9,16.3,36.6,2.7,8.4,32.5,4.5,5.3,84.7,3.5,4,1.8,0,2.8
Boo Buie,G,34,36.9,19,6.3,14.4,43.8,2.6,6,43.4,3.7,4.4,85.8,3.3,5,1.4,0.1,2.3
Dion Brown,G,32,32.3,19,7.7,15.2,50.6,1.4,4,34.9,2.2,2.9,76.1,7.6,2.6,1.3,0.5,3.1
Mervin James,F,32,31.7,18.9,7,13.4,51.9,0.7,1.4,46.7,4.3,5.1,84.8,6.1,1.9,1,0.9,2.8
Mikeal Brown-Jones,F,28,28.4,18.9,6.2,11.5,54,0.9,2.1,43.1,5.5,7,78.7,7.5,1.1,0.6,0.9,1.7
Judah Mintz,G,32,34,18.8,5.9,13.4,43.8,0.8,2.7,28.2,6.3,8.3,76.5,3.2,4.4,2.1,0.1,2.9
Zeke Mayo,G,35,35.9,18.8,6.2,13.4,46.6,2.6,6.7,39.1,3.7,4.5,82.8,5.7,3.5,1.1,0.2,3.1
Kino Lilly Jr.,G,30,38,18.8,6.6,16.6,39.5,3,8.8,34.1,2.7,3.3,81.6,2.4,3.6,0.8,0.2,2.7
De'Sean Allen-Eikens,F,33,33.7,18.8,6.3,13.2,48.2,1.1,2.9,36.1,5.1,6.8,74.2,5.3,2.3,1,0.2,3.2
Ken Evans Jr.,G,32,35.8,18.8,5.9,14.5,40.8,1.9,4.9,39.2,5,6.4,78.2,5.4,2.9,1.3,0.2,2.9
AJ McKee,G,33,31.6,18.8,6.5,14.6,44.7,1.9,5.8,32.3,3.8,5.2,73.4,4,2.4,1.7,0.3,1.9
Wesley Cardet Jr.,G,31,34.5,18.7,6.3,14.2,44.4,1.4,4.1,34.4,4.6,6.4,71.9,4.5,2.6,0.9,0.5,2.9
Basheer Jihad,F,30,32.6,18.6,5.9,13,45.1,1.3,3.8,35.4,5.6,7.4,74.9,8,1.8,1.1,1.1,3.4
Enrique Freeman,F,35,32.4,18.6,6.7,11.4,58.4,0.6,1.5,37,4.7,6.5,72.8,12.9,1.6,0.8,1.7,2.5
Jayden Epps,G,29,34.8,18.5,6.1,15.6,39.2,2.2,7.2,30.5,4.1,5.4,76.3,2.6,4.2,1.2,0.4,3.4
Baylor Scheierman,F,35,36.8,18.5,6.3,14,44.8,3.1,8.3,38.1,2.8,3.2,87.6,9,3.9,0.9,0.1,2.2
Blake Hinson,F,33,33.6,18.5,6.1,13.4,45.4,3.3,7.9,42.1,2.9,4.4,66.9,4.4,0.8,0.5,0.2,1.3
JP Pegues,G,30,34.1,18.4,5.7,13.7,42,2.8,7.6,36.2,4.2,4.8,87.5,4.3,4.8,1.2,0.2,2.1
Robert McCray V,G,32,30.6,18.4,6.6,13.2,50.2,1.7,4.7,35.8,3.5,4.8,71.6,4.2,2.9,1.3,0.2,2.5
Tyson Walker,G,34,32.9,18.4,7,15.6,44.9,1.9,5,37.6,2.5,3.4,74.6,2.9,2.8,1.9,0.1,1.4
Kevin McCullar Jr.,F,26,34.3,18.3,6.1,13.5,45.4,1.5,4.5,33.3,4.6,5.7,80.5,6,4.1,1.5,0.4,2.5
Bryce Pope,G,33,35.6,18.3,6.5,15.5,41.8,2.2,6.8,33.2,3.1,3.8,81.7,3.9,1.9,1,0.2,1.3
PJ Hall,C,36,28.9,18.3,6.7,13.7,48.8,1.4,4.6,31.5,3.5,4.5,77.9,6.4,1.4,0.8,1.4,1.9
Rayquan Brown,G,30,35.4,18.3,6.6,14.9,44,1.4,4.2,32.3,3.8,5.3,71.2,6,1.2,1.1,0.6,2.1
James Bishop IV,G,32,35.4,18.3,5.7,14.7,39,2.2,6,37.2,4.6,5.6,82.7,2.8,4.3,0.6,0.4,3
Johnell Davis,G,34,32.3,18.2,6.3,13,48.3,1.7,4.1,41.4,3.9,4.5,85.7,6.3,2.9,1.4,0.2,2.9
Sy Chatman,F,31,32.6,18.2,6.6,14.5,45.4,1.2,4.6,25.7,3.8,5.5,69.4,6.4,1.3,1.1,1.6,2.7
Keenon Cole,F,30,34.6,18.1,5.7,14.3,40.2,1.1,4.2,26.2,5.6,6.8,81.5,6.2,0.7,0.6,0.5,2.3
Jordan King,G,33,35.3,18,6.1,13.4,45.4,2.5,6.2,41.4,3.4,4.1,81.6,3.8,2.5,1.3,0.1,1.8
Hunter Sallis,G,34,35.4,18,6.6,13.5,48.7,2.2,5.4,40.5,2.6,3.4,78.3,4.1,2.5,1.1,0.6,1.9
Caleb Love,G,36,32.3,18,6.1,14.7,41.3,2.6,7.7,33.2,3.3,4,83.9,4.8,3.4,1.2,0.3,2.1
Clark Slajchert,G,22,34.6,18,6.7,13.8,48.7,2.6,6.1,42.2,1.9,2.3,82.4,3,2.9,1.2,0.1,2.2
Sherif Gross-Bullock,G,32,34.7,17.9,6,13.9,43.4,2.6,7.4,35.4,3.3,4.4,73.8,5.2,2.6,1,0.4,3.3
Cameron Tyson,G,34,32.1,17.9,5.9,14.3,41.2,3.4,8.7,39.4,2.7,3.1,87.6,4.2,1.4,0.7,0,1.7
Matt Balanc,G,34,33.1,17.9,5.9,13.8,42.6,2.5,7.1,35.8,3.6,4.2,86.6,4.7,1.3,0.8,0.2,1.4
Hunter Dickinson,C,33,32.2,17.9,7.6,13.8,54.8,0.7,2,35.4,2.1,3.3,62.4,10.9,2.3,0.9,1.4,1.8
Kaleb Higgins,G,32,31.8,17.9,6.5,15.2,42.7,1.3,4.4,29.1,3.6,4.1,87.8,2.8,3.7,1.1,0,2
Shahada Wells,G,33,32.2,17.8,6.2,13.5,46.2,1.5,3.8,38.4,4,5,79.4,4.5,4.7,3,0.3,2
KyKy Tandy,G,32,31.5,17.8,5.9,14.2,41.9,2.6,6.8,38.9,3.3,3.8,88.4,2.6,1.4,1.1,0.1,2.3
Darlinstone Dubar,G,33,34.6,17.8,6.8,12.5,53.9,2.2,5.5,39.9,2.1,2.8,73.4,6.8,1.4,1.2,0.9,1.4
Jarod Lucas,G,34,32.7,17.8,5.4,12.7,42.1,2.4,6,39.4,4.7,5.3,89.9,2.8,1.4,0.8,0,0.9
TY Johnson,G,32,30.6,17.8,5.9,13.3,44.3,1.1,3.4,32.1,4.9,6.4,77.1,3.7,3.3,1.8,0.1,2.9
Great Osobor,F,35,33.7,17.7,6.2,10.8,57.7,0.1,0.4,21.4,5.2,8.1,63.7,9,2.8,1.3,1.4,2.8
Rashad Williams,G,29,30.6,17.7,5.8,14.2,40.4,3.6,8.9,40.5,2.6,3.1,82.4,1.9,3,0.8,0,2.7
Sean East II,G,30,34.4,17.6,6.2,12,52.1,1.2,2.7,45,4,4.6,85.6,3.5,4,1.1,0.2,3
Dakota Leffew,G,30,35.5,17.6,6.5,15.1,43,2.5,6.8,36.5,2.2,2.8,76.5,4.3,3.9,1.5,0.6,2.9
Walter Clayton Jr.,G,36,31,17.6,5.6,13,43.2,2.6,7.1,36.5,3.8,4.3,87.7,3.6,2.6,1.1,0.6,2.2
Dawson Garcia,F,31,31.9,17.6,6,12.4,48.6,0.9,2.9,31.9,4.6,5.7,80.2,6.7,1.6,0.8,1,2
Marcus Tsohonis,G,31,29,17.6,6.1,15.2,40,1.3,4.3,29.3,4.2,5.5,76.9,3.2,2.9,1.3,0.2,2
Trey Alexander,G,35,37.2,17.6,6.6,14.9,44.6,1.8,5.2,33.9,2.5,3.1,82.4,5.7,4.7,1.1,0.4,2.5
Jordan Pope,G,32,35.6,17.6,6.3,13.9,45.1,2.1,5.6,37.1,2.9,3.3,87.9,2.6,3.4,0.7,0.1,2.3
Alston Mason,G,30,35.2,17.5,6,14.2,42.3,2.4,6.8,35.3,3.1,4,78.3,3,3.6,0.8,0.1,2.4
Duke Miles,G,33,30.5,17.5,6.4,12.1,52.8,1.3,3.7,36.1,3.4,4.3,80.1,2.4,3.6,1.3,0.2,2
Markus Burton,G,33,33.8,17.5,6.4,15.1,42.1,1.3,4.2,30,3.5,4.2,82.1,3.3,4.3,1.9,0.2,3.7
"Kevin Cross, Jr.",F,30,36.1,17.5,5.9,11.5,51.3,0.7,1.7,42.3,4.9,6,81.8,7.3,4.6,1.3,0.9,3
Honor Huff,G,33,34.5,17.4,5.5,12.6,43.4,3.3,8.7,38,3.2,3.9,82.8,2.7,2.6,1.7,0.1,1.3
Robbie Avila,C,37,31.2,17.4,6.1,11.3,53.6,1.6,4.2,39.4,3.6,4.5,80.8,6.6,4.1,0.7,0.6,1.8
Deon Perry,G,29,33.1,17.3,5.7,14.9,38.4,2.7,7.8,35.1,3.2,3.5,91.1,2.6,2.9,1.5,0,2.9
Kobe Julien,F,33,31.5,17.3,5.9,13.2,44.6,1.6,4.9,32.5,4,4.8,82.4,4.8,1.2,1.1,0.7,2.2
Erik Reynolds II,G,35,34.6,17.3,5.5,13.1,42,3.2,8.4,38,3.1,3.5,87.1,2.7,2.7,1.2,0.2,1.4
RJ Felton,G,33,34.6,17.3,6.1,14.1,43.1,2.1,6,35.5,3,3.8,77.8,6,1.3,1.8,0.6,1.4
Ryan Kalkbrenner,C,35,34.6,17.3,6.9,10.7,64.6,0.5,1.5,29.6,3,4.3,71.1,7.6,1.3,0.4,3.1,1.5
Trey Townsend,F,36,36.4,17.3,6.1,13.4,45.5,0.3,0.9,37.5,4.7,6,77.9,8.1,3.1,1.3,0.3,2.5
Kam Jones,G,36,28.9,17.2,6.5,13,50.1,2.6,6.5,40.6,1.5,2.1,72.4,2.9,2.4,1.1,0.1,1.4
Michael Ajayi,G,33,34.7,17.2,6.2,13.4,46.7,1.2,2.5,47,3.5,5,70.9,9.9,1.9,0.9,0.5,2
Malik Mack,G,24,33.3,17.2,5.6,13.6,41,1.9,5.5,34.1,4.2,5.1,81.3,4,4.8,1.3,0.1,2.5
Ja'Kobi Gillespie,G,25,31.4,17.2,6.6,11.8,56.1,1.6,4.2,38.7,2.4,2.8,83.1,3.8,4.2,2.2,0.3,2.4
Terrence Edwards Jr.,G,36,30.2,17.2,5.6,13.2,42.7,1.3,3.7,34.3,4.6,5.7,81,4.4,3.4,0.9,0.3,2.4
Jeremiah Hernandez,G,31,31.3,17.2,4.9,11.8,41.7,0.8,2.6,31.7,6.5,8,81,3.3,1.8,1.5,0.2,2.6
Jyare Davis,F,32,33.3,17.1,6.3,13.4,46.6,0.6,2.4,25.6,4,4.9,81.4,7.5,2.4,0.8,0.8,1.8
Josh Hubbard,G,35,27.7,17.1,5.3,13.7,38.5,3.1,8.7,35.5,3.5,4.1,85.3,2.2,1.7,0.7,0.1,1.2
Xaivian Lee,G,29,31.1,17.1,5.9,13,45.1,1.8,5.3,33.8,3.6,4.4,79.8,5.7,3.7,1,0.5,1.4
DJ Brewton,G,31,33,17,6.5,14.5,45.3,1,3.1,33,2.9,4.3,68.2,4.8,2.4,1.5,0.2,2.1
Norchad Omier,F,31,30.6,17,6.4,11.6,55.2,0.8,2.2,35.3,3.5,4.6,75,10,1.2,1.5,0.8,2.3
Jordan Derkack,G,32,33,17,5.4,11.5,46.6,1,3.8,27.5,5.3,7.3,72.4,6,3.9,2.1,0.2,4
Branden Carlson,C,36,29.6,17,6.4,12.9,50.1,1.8,4.7,37.9,2.4,3.3,71.4,6.6,1.6,0.4,1.5,1.5
Quinten Post,C,35,31.9,17,6.3,12.3,51.4,1.4,3.3,43.1,2.9,3.5,82.1,8.1,2.9,0.9,1.7,2.5
Kylen Milton,G,29,31.8,17,5,9.8,50.5,1.2,3.3,35.1,5.9,8,73.7,6.6,2.9,1.2,0.3,2.1
Deyton Albury,G,32,28.3,17,5.8,12.1,48.2,0.6,1.7,36.4,4.7,6.3,75,5.8,3.7,1.2,0.4,3.3
Tyren Moore,G,32,28,17,5.8,12.5,46.8,2.3,5.6,40.6,3,3.5,86.5,2.8,3.1,1.1,0.1,1.9
Austin Benigni,G,31,33.5,17,5.3,13.7,38.7,0.6,2.5,24.7,5.7,6.7,84.7,2.9,3.8,0.7,0.1,2.4
Tyler Robertson,G,33,35.6,16.9,6.1,13.5,45.2,2,5.5,37.2,2.7,3.4,81.1,4.5,3.8,0.8,0.2,2.3
Malik Dia,F,33,23.2,16.9,6.4,13,48.8,1.3,3.9,34.1,2.9,4.5,63.8,5.8,1.2,0.8,0.8,2.7
DJ Horne,G,40,32.5,16.9,6,13.8,43.6,2.6,6.5,40.4,2.3,2.8,81.4,3.5,2.1,1.3,0.1,1.4
Caleb Fields,G,35,35.3,16.9,5.8,13.2,43.6,3.2,8.3,38.8,2.1,3,72.1,4.1,2.7,1.4,0.1,1.3
DeMarcus Sharp,G,29,35.7,16.9,7.1,15.7,45.3,0,0.5,6.7,2.7,3.6,74.8,6.4,4.2,1.9,0.9,1.9
Jamarii Thomas,G,33,31.1,16.9,4.7,11.6,40.4,1.6,4.2,38,5.9,7.3,80.9,3.8,3.8,2.1,0.1,2.4
Sam Griffin,G,32,34.4,16.9,5.6,13,43.1,2.4,6.1,39.2,3.3,4,83.5,3.7,3.4,0.7,0,2.4
Isaiah Stafford,G,29,32.1,16.9,6.1,16,37.9,2,6.7,29.4,2.8,3.8,73.4,3.7,2.1,1.6,0.2,1.5
Terrell Burden,G,31,31.2,16.8,5.6,12.8,44.2,1.1,3.6,31,4.4,6.9,64.3,3.5,6.3,1.4,0.4,2.8
Aanen Moody,G,36,33.4,16.8,6.3,12.9,49.2,2.4,6.2,39,1.8,2,87.5,3.4,2.3,0.9,0.1,1.7
AJ Storr,G,36,28.8,16.8,6,13.8,43.4,1.3,4.2,32,3.5,4.3,81.2,3.9,0.9,0.6,0.1,1.6
Max Abmas,G,34,35,16.8,5.7,13.4,42.5,2.7,7.5,36.2,2.6,2.9,90,3.1,4.1,0.9,0.1,2.3
BJ Omot,F,32,35.2,16.7,6,14.4,41.6,1.7,5.9,28.2,3.1,4.4,70,4.2,1.4,0.8,0.9,1.3
Travis Evee,G,32,33.7,16.7,5.8,13.7,41.9,2.3,6.8,34.3,2.9,3.5,82.9,3.4,2.1,1,0.3,1.8
Amar'e Marshall,G,32,32.2,16.7,6,13.8,43.4,1.5,4,37.2,3.2,4.2,76.1,5,2.1,1.8,0.6,2.8
Tyson Degenhart,F,32,33.1,16.7,5.6,11.1,50.3,0.9,3,31.6,4.6,5.8,79.1,6.2,1.5,1.1,0.3,1
Eric Dixon,F,34,30.5,16.6,5.7,12.2,46.5,1.6,4.7,34.6,3.7,4.3,86.2,6.5,1.7,0.8,0.4,1.8
Desmond Claude,G,34,33.6,16.6,6,14.1,42.6,0.8,3.3,23.9,3.9,4.9,79.4,4.2,3.2,1.1,0.3,2.2
Trent McLaughlin,G,33,34.9,16.6,5.6,14,39.8,2.2,6.8,32.9,3.2,4.2,77,3.2,1.9,1.5,0.2,2.1
Marcus Tankersley,G,32,36,16.6,6.2,13.2,46.7,0.6,2.1,27.9,3.7,4.6,80.4,3.8,2.2,0.8,0.1,2.1
Caden Pierce,F,29,32.9,16.6,6.1,11.2,54.6,0.9,2.7,34.2,3.4,4.4,76.7,9.2,3.2,1.2,0.5,1.8
Keyshawn Hall,G,29,30.6,16.6,5.6,11.9,47.4,1.4,4,35.7,3.9,4.7,84.4,8.1,1.4,0.4,0.3,2.3
Jermaine Couisnard,G,36,32.3,16.6,5.5,13.8,40,2,5.9,34.6,3.5,4.6,75.4,4.6,3.3,1.6,0.2,1.7
Tyler Stephenson-Moore,G,33,34.9,16.6,5.4,12,44.6,2.6,6.1,43.5,3.2,3.8,84.8,3.8,1.2,1.1,0.7,1.1
Bryce Harris,G,35,31.7,16.6,5.8,10.7,54.7,0.8,2.1,37.5,4.1,5.6,74,7.5,1.7,1.1,1.1,1.7
Elijah Elliott,G,30,35.3,16.6,5.7,15.7,36.3,1.1,4.9,23.1,4,5.6,71.6,3.5,3,1.6,0.3,2.8
Ryan Conwell,G,38,33.9,16.6,5.4,11.1,48.2,2.9,7.1,40.7,2.9,3.4,85.5,5.8,2.5,1.1,0.3,1.7
Chisom Okpara,F,26,30.5,16.5,5.7,11.8,47.9,1,3.1,33.8,4.2,6.2,67.3,5,2,0.8,0.7,2.4
Boogie Ellis,G,29,33.7,16.5,5.6,13.1,42.7,3,7.2,41.8,2.3,3.2,72,3.5,3,1.4,0.1,1.8
Johni Broome,F,35,24.7,16.5,6.2,11.4,54.8,0.8,2.3,35.4,3.2,5.2,61.5,8.5,2.2,0.9,2.2,1.6
Graham Ike,F,35,24.2,16.5,6.6,10.9,60.9,0.2,0.5,36.8,3,3.8,78.4,7.4,0.9,0.6,0.7,1.6
Tyrece Radford,G,31,32.8,16.5,6,14.7,41.1,1.1,4,28,3.3,4.7,69.2,6.5,2.6,0.5,0.1,1.4
Dae Dae Grant,G,34,32.8,16.4,4.9,12.6,38.6,2.4,7.3,33.5,4.3,4.6,94.2,3.4,2.4,1,0.1,1.3
Sean Pedulla,G,32,32.2,16.4,5.4,12.7,42.4,1.7,5.1,32.5,4,5,80.1,4.3,4.6,1.2,0.1,3.3
Kyle Filipowski,F,36,30.4,16.4,6.1,12.1,50.5,1.1,3.1,34.8,3.1,4.6,67.1,8.3,2.8,1.1,1.5,2.1
Ansley Almonor,F,32,32,16.4,5.6,12.8,43.6,2.9,7.4,39.4,2.4,3,80,5.1,1.7,0.5,0.7,1.6
Kalen Williams,G,33,31.6,16.4,5.8,13.2,44.4,1.4,4.6,31.1,3.2,4.3,75.9,3.5,2.9,1.1,0.1,2
Colby Rogers,G,34,35,16.4,5.6,14,40,2.9,7.1,40.9,2.3,2.7,82.8,3.4,1.9,1,0.3,1.6
Payton Sandfort,F,34,30.5,16.4,5.3,11.9,44.6,2.8,7.3,37.9,3,3.3,91.1,6.6,2.7,0.7,0.4,1.3
Isaiah Crawford,F,32,32.8,16.3,5.7,11.7,48.5,1.3,3.1,41.4,3.7,5.1,72.8,6.2,2.4,2.1,1.7,2.5
Matt Rogers,F,31,28.2,16.3,6.1,12.2,50.1,1.6,4.3,36.8,2.5,3.5,73.1,6.2,1.6,0.8,0.5,2
Tanner Holden,G,32,33.2,16.3,6.1,11,55.3,0.4,1.1,40,3.8,5.4,69.8,6.4,3.6,1.8,0.4,2.5
Isaiah Collier,G,27,29.8,16.3,5.7,11.6,49,1,3,33.8,3.9,5.8,67.3,2.9,4.3,1.5,0.2,3.3
Dug McDaniel,G,26,35.4,16.3,5.8,14.2,41,2.2,5.8,36.8,2.5,3.2,77.4,3.7,4.7,1.1,0,2.4
AJ Smith,G,29,32.1,16.2,6,13.3,45.3,1.2,3.4,35.4,3,3.7,79.6,4.3,1.3,0.7,0,1.8
Tramon Mark,G,31,32.5,16.2,5.4,11.3,48,1.2,3.2,36.4,4.2,5.3,80.4,4.3,1.8,1.2,0.8,1.7
Cade Tyson,G,31,31.7,16.2,5.7,11.5,49.3,2.6,5.5,46.5,2.3,2.7,85.5,5.9,1.6,0.9,0.6,1.4
Kezza Giffa,G,36,29.7,16.2,4.1,10,40.7,1.4,4.1,34,6.7,7.6,88.3,2.9,2.9,0.6,0.1,2.6
Matthew Murrell,G,32,33,16.2,5.6,12,46.4,2.4,6.1,39.8,2.7,3.6,73.9,3.6,2.4,1.6,0.3,1.7
Jalen Leach,G,32,32.8,16.2,5.7,11.6,48.8,1.4,4.1,35.4,3.5,3.9,89.5,4.1,3,1.8,0.1,1.7
Robert Ford III,G,35,33.9,16.2,5.3,10.9,48.7,2.4,5.5,44,3.2,4.1,78.5,7.6,3,2.9,0.2,2.3
Achor Achor,G,33,22.7,16.1,5.8,9.9,58.6,0.8,1.9,43.5,3.7,5.2,71.2,6.1,1.5,0.8,1.8,1.9
Dusan Neskovic,F,23,26.1,16,5.6,12.9,43.2,2.1,5.9,36.3,2.8,3.7,75.3,4,1.1,0.6,0.1,2.3
Diante Smith,F,31,33.8,16,5.5,12.9,42.1,2.5,6.4,39.4,2.6,3.3,78.4,6.2,3,1.9,0.4,2.4
Isaiah Stevens,G,36,34.8,16,5.8,12.3,47.4,1.8,4.2,44,2.6,3.1,83.6,3.2,6.8,1.2,0.2,2.4
Tristan da Silva,F,34,34,16,5.8,11.8,49.3,1.9,4.8,39.5,2.5,3,83.5,5.1,2.4,1.1,0.6,1.8
Jack Forrest,G,33,36.1,16,5.5,13.4,40.8,2.6,7,37.1,2.5,3.1,80.2,5.2,1.5,1.1,0.3,1.7
Austin Crowley,G,31,34.2,16,5.2,13.5,38.3,1.8,5.4,33.5,3.8,5,75.5,4.4,3.3,1.2,0.5,2.4
Tiger Booker,G,28,33.1,16,5.5,12.8,42.7,0.9,3,29.4,4.1,4.8,85.9,2.7,3.4,2.1,0,1.4
Hysier Miller,G,36,36.4,15.9,5.4,15.3,35.3,2.1,7.3,29.4,3,4,76.2,3.6,4,1.8,0.2,2.1
Josh Oduro,F,34,30.2,15.9,5.9,11.3,52.7,0.5,1.6,29.1,3.6,4.4,81.9,7.5,2,0.9,1.3,2.1
Martaz Robinson,G,34,34.6,15.9,5.3,12.7,41.8,0.9,2.8,31.9,4.4,5.2,84.7,6.5,2.2,2,0.1,2.6
Jaelen House,G,31,29.4,15.9,5.1,13.7,37.4,1.9,5.9,32.8,3.7,4.2,88.5,3.5,3.5,2.3,0.2,1.8
Josh Cohen,F,31,28.9,15.9,5.4,9.9,54.4,0.4,1,34.4,4.8,6.9,69.6,6.8,1.7,0.9,0.5,1.5
Dominique Ford,SG,31,32.7,15.9,5,11.4,43.5,1.9,5.4,34.9,4.1,5.3,78.5,4,2.1,1.4,0.2,2
Kel'el Ware,C,30,32.1,15.9,6.3,10.7,58.6,0.6,1.3,42.5,2.8,4.5,63.4,9.9,1.5,0.6,1.9,1.6
Corey Washington,F,26,28.5,15.9,5.3,11.6,45.5,0.9,3,30.8,4.5,5.8,77.3,6.3,0.5,1.2,0.8,1.1
Chaunce Jenkins,G,31,32,15.9,5.3,13.2,40.2,1.5,4.7,32.4,3.8,5.3,72.4,3.8,2.7,0.9,0.9,2.6
Jaylin Sellers,G,33,32,15.9,5.2,12.5,41.9,1.6,5.3,29.7,3.8,4.6,82.9,3.6,1.1,1.1,0.1,1.3
Marcus Domask,F,38,34.6,15.9,5.7,12.6,45.3,1.1,3.6,29.7,3.4,3.9,87.2,5,3.9,0.4,0.3,2.3
Isaiah Swope,G,37,33.5,15.9,5.5,12.8,43.3,3.1,8.4,36.2,1.7,2.4,73.6,3,2.1,1.3,0,1.8
TJ Madlock,G,32,31.3,15.8,5,13.3,37.6,0.6,2.8,20.5,5.3,6.7,78.6,4.9,2.3,1.7,0.4,1.2
Jeremiah Kendall,F,29,24.6,15.8,6.1,11.7,52.1,0,0.2,0,3.6,4.8,75.5,6.7,1.2,0.8,0.6,1.6
Gibson Jimerson,G,33,35.8,15.8,4.9,12.2,39.9,2.4,6.7,35.9,3.7,4.2,86.4,2.9,2.1,0.7,0.2,1.8
Jalin Anderson,PG,31,36.3,15.8,5.5,12.5,44.1,1.6,4.5,35.7,3.2,4.2,76,4.6,4.5,1.5,0.2,2.8
Emanuel Miller,F,34,32.6,15.8,5.6,11.4,48.6,0.9,2.4,38.3,3.8,4.6,81.5,6.1,2.6,1.1,0.4,1.5
Pop Isaacs,G,34,32.7,15.8,4.9,14.1,34.9,2.1,7.3,29.3,3.7,4.5,83.6,3.2,3.5,1,0.1,2.5
KK Robinson,G,28,33.4,15.8,5,12.1,41.7,1.5,4.6,32.3,4.2,5,83.6,5.6,4.3,1.2,0.7,2.9
Kadary Richmond,G,35,32.8,15.7,5.8,13.1,44.1,0.5,1.8,27,3.7,4.6,80.7,7,5.1,2.2,0.6,3.1
Jalen Jackson,G,36,30.3,15.7,5.4,10.9,49.7,1.1,2.8,41,3.7,5.2,71.1,4.6,2.5,1.6,0.4,1.9
Myron Amey Jr.,G,32,32.9,15.7,5.6,13.1,42.5,2.2,6.1,36.2,2.4,3,79.2,5.1,3.1,1.6,0.3,1.9
Bruce Thornton,G,35,33.7,15.7,5.2,12.1,42.7,1.7,5,33.3,3.7,4.4,85,3.7,4.8,1.2,0,1.2
Vladislav Goldin,C,34,25,15.7,6,8.9,67.3,0,0,0,3.7,5.6,66.3,6.9,0.7,0.5,1.6,1.6
Jakorie Smith,F,35,30.2,15.7,5.5,13.7,40.4,1.9,5.8,32.4,2.7,3.2,84.1,4.6,2,1.7,0.4,1.4
Jacob Meyer,G,31,34,15.7,5.8,13,44.9,1.5,3.8,40.2,2.5,3.7,67,5.1,2.6,1,0.1,2.6
Rytis Petraitis,F,24,32.8,15.7,5.3,10.9,48.5,0.9,2.6,34.9,4.2,6.3,65.8,6.3,3.7,1.6,0.9,2.5
Ebby Asamoah,G,34,30.6,15.6,5.1,12.8,40.3,3,8.3,36.3,2.4,3,77.7,3.9,0.8,0.7,0.6,1.6
Dante Maddox Jr.,G,32,33.1,15.6,5,11.5,43.8,2.3,5.6,40.2,3.3,3.8,86.2,4.3,2.8,1.4,0.1,1.6
Corey Tripp,G,32,30.5,15.6,6,14,42.9,1.6,5.8,27.7,2,2.6,79.3,4.5,3.4,0.7,0.2,2.1
Darren Buchanan Jr.,F,29,30.8,15.6,5.5,10.1,54.6,0.3,1.1,32.3,4.2,6.7,63.4,6.6,2.4,1.3,0.4,2.2
Jordan Lathon,G,31,30.8,15.6,5.7,13.1,43.7,2.1,5.5,38.4,2,2.6,75.6,6,2.4,1,0.3,1.9
Kaleb Stewart,G,28,29.3,15.6,5.5,12.1,45.4,2.4,5.5,42.6,2.3,2.7,82.9,1.8,1.6,0.2,0,1.6
Jay Alvarez,F,25,30.6,15.6,5.9,13.4,43.8,0.3,1.9,14.6,3.6,6,59.3,4.5,1.8,0.9,0.3,3.1
Simeon Cottle,G,31,29.7,15.6,5.4,12.8,42,2.5,7.2,34.1,2.4,3.2,73.7,3.2,2.5,1.4,0.1,1.8
Jamir Watkins,G,33,28.2,15.6,4.8,10.5,45.7,1,2.9,34.4,4.9,6.2,79.5,6,2.8,1.9,0.8,2.5
Boopie Miller,G,35,32,15.6,5.4,11.6,46.4,1.1,2.9,36.9,3.7,4.4,84.5,2.8,3.5,1.4,0,2.5
Isaiah Cozart,F,30,31.5,15.6,6.3,9.7,65.2,0,0,0,3,5.4,54.6,10,0.6,0.6,3.9,1.5
Jalyn McCreary,F,30,22.9,15.6,6.3,12.1,51.9,0,0.2,14.3,2.9,4.3,67.7,4.6,1.1,1,1,1.3
Ali Dibba,G,31,31.8,15.5,5.6,11.8,47.7,0.5,1.6,34.7,3.7,5.1,72.8,4.5,1.2,1.4,0.2,2.3
Ali Ali,G,27,33.1,15.5,5.1,10.6,48.4,1.1,3.9,29.2,4.1,5.3,76.4,4,2.8,0.4,0.2,2.1
Zyon Pullin,G,33,33.5,15.5,4.8,10.8,44.4,1.1,2.4,44.9,4.9,5.8,84.7,3.9,4.9,0.9,0.1,1.3
Luke Sutherland,F,32,27.3,15.5,5.8,11.9,48.9,2,5.1,39.6,1.8,2.2,85.5,4.4,1.8,0.4,0.8,1.6
Ra'Heim Moss,G,32,31.9,15.5,5.3,11.5,46.2,0.9,2.8,30.8,4,5.3,75.3,5.4,3,1.7,0.3,2.5
L.J. Cryer,G,37,32.1,15.5,5.4,13.2,41.1,3,7.8,38.8,1.6,1.9,87.1,2.4,1.9,1.1,0.1,0.9
Damarco Minor,G,33,33.6,15.5,5.3,13.4,39.7,1.2,3.8,31.5,3.6,4.2,86.2,8.5,3.1,1.1,0.2,1.9
Maxime Raynaud,F,32,29.1,15.5,6.3,11.1,56.7,0.7,1.9,36.1,2.2,2.8,78.4,9.6,2,0.7,0.8,2.5
Deuce Turner,G,31,25.6,15.5,4.9,12.2,40.6,2.1,5.5,37.4,3.5,4.1,85.8,2.4,1.9,0.9,0.1,2.1
Cedric Coward,G,32,30.5,15.4,5.7,10.1,56.5,1.6,4.2,38.3,2.4,2.7,89.5,6.7,1.7,1,0.9,2.2
Dionte Bostick,G,34,33.7,15.4,5.8,12.9,44.5,1.4,4.2,34.3,2.4,3.5,69.2,4,1.7,1.4,0.2,2.1
Jalen Sullinger,G,34,34.3,15.4,5.4,12.7,42.4,2.4,6.2,39.2,2.2,2.6,85.2,2.6,2.4,1,0.1,2.1
Jakobi Heady,G,34,32.9,15.4,5.8,12.1,47.9,1.2,3.6,32.3,2.6,3.5,75.6,4.4,1.3,1.4,0.3,1.7
Tre Dinkins,G,32,35.1,15.4,5.3,13,41,2.7,7.3,36.5,2.1,2.6,78.6,2.7,3.6,1,0.3,2.4
Allan Jeanne-Rose,F,30,29.9,15.4,5.5,10,54.8,0.7,1.8,38.2,3.7,5.2,71.6,4.8,1.7,0.6,0.7,1.6
Isaiah Rivera,G,33,33.3,15.4,5.3,11.6,46,2.1,5,41.6,2.6,3.4,77,4.2,1.8,0.9,0.4,1.8
Malik Reneau,F,33,28.7,15.4,6,10.8,55.8,0.5,1.4,33.3,2.9,4.3,68.3,6,2.7,0.5,0.6,2.8
Keyshaun Langley,G,31,30.4,15.4,5.3,12.4,42.7,2.6,6.2,42.5,2.2,2.5,85.9,2.7,3.3,1.5,0.1,1.5
Leland Walker,G,31,28.3,15.4,5.3,12.3,43.3,1.2,3.6,34.2,3.5,4.2,83.2,2.7,4.1,1.1,0.2,2.5
Ahmad Robinson,G,31,29.4,15.4,5.1,12.5,40.9,1.1,3.6,31.3,4.1,5.7,71.6,4.6,4.7,1.5,0.1,3.3
Nick Caldwell,G,32,29.5,15.4,5.5,10.4,52.9,1.3,3,42.3,3.1,3.8,81.1,5.5,1.2,0.9,0.9,1.9
Jahsean Corbett,G,32,35.4,15.4,5.7,12.3,45.9,0.8,2.7,28.7,3.3,4.7,69.5,7.7,1.6,0.9,0.1,2
Jamison Battle,F,35,31.3,15.3,5.1,10.9,46.9,2.6,6,43.3,2.5,2.7,92.6,5.2,1.4,0.4,0.2,1.6
Tyler Kolek,G,31,33,15.3,5.6,11.3,49.6,1.5,3.9,38.8,2.6,3,85.1,4.9,7.7,1.6,0.2,2.9
Fred Cleveland Jr.,G,29,33,15.3,5,12.7,39.8,2.4,6.7,36.6,2.8,3.6,77.9,3.9,5.3,1.6,0,2.7
Chris Youngblood,G,33,30,15.3,4.8,10.6,45.8,2.1,5,41.6,3.5,4.2,82.9,2.5,2.1,0.6,0.6,1.4
Isaac Jones,C,35,31.8,15.3,5.7,9.9,57.5,0,0.4,7.1,3.9,5.5,71.2,7.6,1.5,0.5,1.1,1.9
Kaiyem Cleary,G,30,28.3,15.3,5.3,11.9,44.5,1.7,4.9,34.9,3,3.6,83.2,6.5,1.2,1,0.7,2.1
Tylor Perry,G,34,36.4,15.3,3.9,10.9,35.8,2.7,8.2,33.5,4.7,5.2,90.9,3,4.4,1.1,0.1,2.7
Matt Cross,F,28,30.1,15.3,5.3,9.9,54,0.9,2.8,32.9,3.7,4.6,79.8,8.3,3,1.5,0.3,2.4
Max Jones,G,24,27.5,15.3,4.3,11.2,38.3,1.8,4.5,38.5,4.9,6.3,78.7,3,1.9,1.7,0.2,2.9
Touko Tainamo,F,34,29.5,15.2,5.4,11.5,46.7,1,3,34.3,3.5,4.8,72.8,7.7,0.6,0.4,0.6,1.2
Rob Dillingham,G,32,23.3,15.2,5.4,11.3,47.5,2,4.5,44.4,2.4,3.1,79.6,2.9,3.9,1,0.1,2
Daniel Batcho,F,28,29.7,15.2,5.8,9.8,59,0,0.1,0,3.7,5.5,66.9,9.8,0.4,0.5,2.4,2
Tyler Whitney-Sidney,G,32,28.8,15.2,5.3,11.1,47.5,1.2,3.7,31.9,3.5,4.8,72.1,3.5,2,1,0,2.1
Darius Johnson,G,33,32.7,15.2,4.8,11.8,40.7,2.2,5.5,39.4,3.4,4.2,81,3.3,3.7,2.2,0.1,2.8
Will Pruitt,G,29,31.9,15.1,5.2,10.2,50.5,1.2,2.9,43.4,3.6,4.4,79.8,6,3.1,1.1,0.1,1.6
Javon Small,G,31,33,15.1,4.8,10.9,44.1,2,5.3,37.4,3.5,4.1,86.6,4.7,4.1,1,0.3,3.1
Keisei Tominaga,G,32,26,15.1,5.3,11.3,46.6,2.4,6.3,37.6,2.2,2.5,87.5,2.3,1.4,0.9,0,1.2
Jordan Wright,G,33,31.8,15.1,4.5,11.6,38.5,1.6,4.7,33.5,4.6,5.6,82.1,5.2,2.5,1.7,0.3,2.2
Don McHenry,G,34,27.8,15.1,5.7,12.4,46.1,1.4,3.8,36.2,2.3,2.7,85.9,3.4,2.4,0.9,0.1,2
Joseph Girard III,G,36,32.9,15.1,4.5,10.5,43,2.9,7.1,41.3,3.2,3.4,93.5,3.2,2.9,0.6,0.1,1.5
Marcus Greene,G,28,32.5,15.1,5.3,11.7,45.1,2.2,5.1,42.7,2.4,3,78.6,3.6,3,1,0.2,2.4
Kenan Blackshear,G,32,30.6,15.1,5.6,11.2,49.9,0.2,0.9,17.9,3.8,5.8,64.9,4.8,5,1.4,0.5,2.8
Marcus Banks Jr.,G,32,29,15.1,5.2,13.2,39,2.7,7.5,35.4,2.1,2.7,78.2,3.9,1.9,0.7,0.2,1.2
Tristen Newton,G,40,33.2,15.1,4.6,11,41.5,1.8,5.5,32.1,4.2,5.2,80.8,6.6,6.2,0.9,0.3,2.5
Joe French,G,31,32.7,15.1,4.8,12.6,38.5,3.5,8.7,40.5,1.9,2.3,82.9,3.3,1.1,0.9,0.1,1.5
Christyon Eugene,G,32,30.6,15.1,4.9,10.4,47,2,4.8,42.8,3.2,3.8,85.1,4.4,3.2,1.2,0.2,2.3
Jamar Brown,G,32,35.1,15,5.4,11.8,45.4,1.8,5.4,33.3,2.5,2.9,84.9,6.1,1.4,1,0.3,1.8
Tae Hardy,G,34,32.9,15,5.2,12.6,41.4,2,5.4,37.4,2.6,3.6,71,2.9,2.5,1.7,0.2,1.9
Jimmy Clark III,G,37,31,15,5.2,12.6,41.5,1.8,5.5,33.2,2.8,3.9,71.3,3.3,3.8,2.4,0.3,2.8
Al-Amir Dawes,G,37,35.1,15,5.1,12.1,41.9,2.5,6.3,38.9,2.4,2.5,93.5,2.8,2.3,1.2,0.1,1.9
Dre Davis,G,37,33.1,15,5.6,11.4,49.2,0.9,2.7,35,2.8,3.4,84,5.9,1.6,0.9,1.3,1.5
Kevon Voyles,G,33,29.2,15,5.8,13.8,41.9,1.8,5.5,33.7,1.5,2.1,72.9,3.6,2,1.8,0.1,1.7
Khalil Brantley,G,33,35.9,15,5.2,13.5,38.7,1.4,4.4,32.6,3.1,4.1,76.3,5.3,4.2,1.5,0.4,2.2
Daniss Jenkins,G,33,30.7,14.9,5.8,12.9,44.6,1.7,4.8,35.4,1.7,2,85.1,3.5,5.4,1.6,0.5,2.4
Melvin Council Jr.,G,33,35.8,14.9,5.6,14.5,38.6,0.9,3.5,26.5,2.8,3.7,74.8,5.7,3.5,1.4,0.6,1.9
Rasheed Bello,G,36,32.5,14.9,5.5,12.1,45.5,1.4,3.9,34.8,2.6,3.3,77.3,2.9,4.3,1.9,0.3,2.6
Tymu Chenery,G,27,31.1,14.9,5.5,10.7,51,1.2,4,30.3,2.7,3.8,70.9,5,1.5,0.5,1.5,2.4
Jevin Muniz,G,34,36.1,14.9,5.2,11.9,43.6,1.4,4.1,34.8,3,4,76.3,3.7,3,1.4,0.1,2
Dejour Reaves,G,30,29.2,14.9,5.5,11.8,46.7,1.5,4,38,2.3,2.8,82.4,3.5,1.4,1.3,0.1,1.5
Kimani Hamilton,F,36,31.4,14.9,5,10.6,46.9,0.9,3.1,28.2,4.1,5.1,79.8,7.2,2.3,1.2,0.7,1.6
PJ Henry,G,28,28.7,14.9,5.5,13.9,39.9,2.4,6.9,34.9,1.4,2,68.4,2.8,2.4,1.9,0.1,2.1
Zhuric Phelps,G,33,29.3,14.8,5.2,13.3,38.6,0.9,4.2,21.6,3.6,4.9,74.1,4.1,2.7,1.9,0.5,2.1
Myles Rice,G,35,33.2,14.8,5.4,12.4,43.9,1,3.7,27.5,2.9,3.6,81.1,3.1,3.8,1.6,0.2,2.6
RJ Johnson,G,28,33.5,14.8,4.4,11.1,39.4,1.4,3.5,38.4,4.7,5.3,88.5,2,3.1,0.7,0.1,2.1
Kyrese Mullen,F,27,29.1,14.8,5.6,12.3,45.8,1.2,4.1,29.7,2.3,4.1,57.3,8.4,1.5,0.7,0.1,2.6
DaQuan Smith,G,32,32.1,14.8,5.3,13.1,40.3,2,5.8,35.1,2.2,2.6,85.5,2.8,2,1,0.3,1.4
Roger McFarlane,G,32,35.2,14.8,5.2,12.4,41.7,1.8,5.3,34.1,2.6,3.4,76.4,8.6,1.5,0.9,0.1,1.7
Wynston Tabbs,G,24,26.1,14.8,5,12.7,39.5,1.8,5.4,34.1,3,3.3,88.7,3.1,1.9,1.1,0.2,3
Allen Flanigan,G,32,30.7,14.8,5,11.5,43.4,0.5,1.7,27.3,4.3,5.3,81.7,6.1,2.8,1.5,0.7,2.3
Tariq Francis,G,27,27.4,14.8,5.1,13.2,38.9,2.1,6.1,35.2,2.3,3,78.8,4.1,2.6,1.5,0.1,2
Olivier Nkamhoua,F,26,33.4,14.8,5.9,11.6,51.2,1,3.1,33.3,1.9,2.8,67.1,7.1,2.7,0.6,0.8,2.8
Pierre Brooks II,F,33,32.9,14.8,5.5,12,45.6,2.4,6,40.6,1.4,2,69.2,4,1.1,0.5,0.2,1.5
Khalif Battle,G,32,24.7,14.8,3.7,9.2,40.6,1.5,4.3,35.3,5.8,6.7,87.3,3.3,1.3,0.8,0.3,1.5
Javontae Hopkins,G,28,32.4,14.8,5.1,12,42.6,0.4,1.6,26.7,4.1,6.6,62.2,4.5,1.9,1.1,0.4,2.5
Nana Owusu-Anane,F,31,32.6,14.7,5.2,11.2,46.8,0.7,2.3,31,3.6,5.2,68.5,8.8,2.1,1.3,1,1.8
Jacari Lane,G,32,29,14.7,4.9,11.7,42.1,0.8,2.2,36.2,4.1,4.9,82.8,3,3.8,1.1,0.2,2.2
Po'Boigh King,G,29,31.6,14.7,4.9,11.2,43.6,1.6,4.7,33.3,3.3,4.4,76.4,4.7,1.6,1.1,0.2,2
Jaden Seymour,F,35,31.1,14.7,4.9,11,44,1.3,4.3,29.5,3.7,5.2,71.4,6.1,1.3,1.2,0.6,2.2
Houston Mallette,G,31,31.5,14.7,4.9,11.4,43.1,2.1,5.1,41.5,2.7,3.4,81.7,3.2,2.4,0.8,0.2,1.4
Jamir Chaplin,G,34,33.9,14.7,5.6,9.7,58.4,0.9,2.4,36.1,2.5,3.5,71.4,6.4,1.9,1.3,0.6,1.4
Ezra Manjon,G,30,31.9,14.7,5.2,11.6,44.8,0.5,1.5,31.8,3.8,4.6,82.6,3.2,3.8,1.1,0.2,2.1
Selton Miguel,G,33,28.5,14.7,5,12.2,41.1,2.2,5.5,39,2.5,3.1,80.2,3.2,2.2,1.2,0.3,1.8
Dezi Jones,G,35,30.9,14.6,5.2,12.1,43.2,1.9,5.2,36.6,2.3,2.7,84.9,3.6,3.3,1.3,0.1,2
Brooks Barnhizer,G,34,36.7,14.6,5.1,11.9,42.9,1.2,3.4,34.8,3.3,4.3,76.6,7.5,2.6,1.8,0.8,1.5
Joe Octave,G,31,30.5,14.6,4.9,11.5,43,1.2,4,29.3,3.6,5,72.1,6,1.9,0.6,0.2,1.8
Jailen Bedford,G,31,30.2,14.6,5.1,12.1,42.3,2.1,5.7,37.3,2.2,2.9,77.5,6.4,0.9,0.7,0.1,1.8
Lu'Cye Patterson,G,31,32,14.6,5,11.4,43.6,1.3,3.8,35,3.3,4.4,75.7,3.4,2.5,1,0.2,1.3
Zion Harmon,G,28,30.9,14.6,4.6,12,38.6,1.4,5.4,25.8,3.9,4.2,93.2,2.1,4,1.7,0.1,2.7
Earl Timberlake,G,30,34.6,14.6,6.1,9.8,62,0,0.3,11.1,2.3,3.9,60.3,9,3.9,1.3,1.3,2.1
Ayinde Hikim,G,32,36,14.6,5.2,13.2,39.7,0.8,2.9,25.5,3.4,4.4,77.1,4.1,5.1,1.9,0.2,3.8
Cam Carter,G,34,35.4,14.6,4.9,12.6,39.1,1.7,5.6,30.9,2.9,3.5,84,5,2.6,1.4,0.5,3
Brandon Noel,F,31,34.4,14.5,5.4,10,53.5,1,2.6,40,2.8,3.5,79.8,8,1.6,0.8,0.8,1.8
Armando Bacot,F,37,30.3,14.5,5.2,9.7,54,0.1,0.3,40,3.9,5.1,78.1,10.3,1.5,0.6,1.5,1.6
Lucas Taylor,G,31,30.7,14.5,5.5,13.4,40.7,2.1,5.8,35.4,1.5,2,78.7,3,1.8,0.6,0.3,1.7
Marquis Barnett,G,31,30.7,14.5,5.1,10.3,49.8,0.8,3.1,26.3,3.5,5,69.5,4.5,2.5,1.9,0.9,2.3
Anton Watson,F,35,31.4,14.5,5.8,10,57.8,0.6,1.5,41.2,2.3,3.5,65.3,7.1,2.6,1.5,0.7,1.4
Ja'Kobe Walter,G,35,32.3,14.5,4.1,10.9,37.6,2.1,6.3,34.1,4.1,5.2,79.2,4.4,1.4,1.1,0.2,1.3
Elijah Morgan,G,32,33,14.5,4.7,10.3,45.6,2.6,6.6,39.8,2.5,2.8,88.9,3.9,1.4,1.5,0,1.8
Brayden Parker,C,34,30.4,14.5,5.5,10.4,52.7,1.3,3.9,33.3,2.2,3.3,66.4,5.8,1.4,1.1,1.4,1.7
Connor Hickman,G,31,32.3,14.5,5.3,11.3,46.7,2.4,5.9,40.2,1.5,2.2,70.1,3.4,2.9,1.2,0.2,1.9
Tucker Anderson,F,31,30.9,14.5,4.8,11.5,41.5,2.4,6.4,38.1,2.5,3.1,81.3,3.7,1.5,0.9,0.5,1.2
Fardaws Aimaq,F,32,32.1,14.5,5.6,12.1,46.4,0.5,1.7,30.2,2.8,4.3,65,11,2.1,0.9,1,2.5
Yohan Traore,F,30,28.8,14.5,5.3,9,58.3,0,0.2,0,3.9,5.7,68.6,5.1,0.4,0.2,0.4,1.7
Ziggy Reid,F,31,28.6,14.5,5,10.9,45.6,1.5,4,36.6,3.1,3.7,81.9,4.9,1.9,0.5,0.5,1.5
Geronimo Rubio De La Rosa,G,25,30.8,14.4,4.6,10.5,44.3,2.3,5.8,39.6,2.9,3.5,81.8,3.8,2.7,1.6,0.1,1.9
Taje' Kelly,F,30,30.8,14.4,5.5,11.5,47.5,0.5,1.3,38.5,3,4.5,67.2,7.6,1.5,0.4,0.5,2.8
Markeese Hastings,F,31,30.7,14.4,5.5,10.6,51.5,0.8,2,38.7,2.7,3.6,73.5,7.8,1.7,0.8,0.7,2.5
Peter Filipovity,F,32,27.1,14.4,5.5,9.8,56.2,0.3,1.4,24.4,3.1,4.1,75.4,7.6,0.9,1.2,0.2,1.3
Obinna Anochili-Killen,F,30,30.6,14.4,4.9,11,44.4,1,3.1,32.6,3.7,5.5,66.7,5.9,1.6,1,1,1.6
Arthur Kaluma,F,33,34.5,14.4,4.6,10.8,42.7,1.5,4.5,34.5,3.6,4.8,74.7,7,2,0.8,0.5,2.8
Tyler Cochran,G,32,29.7,14.4,5.7,11.6,49.5,0.9,2.5,34.6,2.1,2.9,70.2,6.4,2.1,1.9,0.2,2.2
Treysen Eaglestaff,G,32,28.5,14.4,5,11.5,43.4,2.5,6.5,38.3,1.9,2.3,81.1,2.3,1.5,0.7,0.4,1.8
Walyn Napper,G,35,32.8,14.4,5.7,12.6,45,0.7,2.7,25.3,2.3,3.7,62.3,4,4.5,1.5,0.3,2.8
Adama-Alpha Bal,G,30,31.1,14.4,4.6,10.7,43.3,1.7,4.9,35.4,3.4,4.1,82.1,3.2,3.1,0.9,0.2,2.3
Tyler Bilodeau,F,32,29.8,14.3,5.3,10,53.3,0.9,2.7,34.5,2.7,3.4,79.8,5.7,1.2,0.6,0.4,1.5
Cam Spencer,G,40,32.8,14.3,4.9,10.1,48.4,2.5,5.6,44,2.1,2.3,91.1,4.9,3.6,1.5,0.3,1
Kenyon Giles,G,32,32.2,14.3,5.7,13.6,41.6,1.6,5.2,30.5,1.4,1.7,81.8,2,2.8,1,0.1,1.7
Reece Beekman,G,34,32.7,14.3,5.3,11.9,44.3,0.9,2.9,31,2.8,3.7,75.4,3.6,6.2,2,0.5,2.1
Dominick Harris,G,24,28.4,14.3,4.7,10.9,42.9,2.7,6,44.8,2.3,2.9,78.3,3.3,1,0.5,0.1,1.9
Lahat Thioune,F,31,26.9,14.3,6.1,10.6,57.3,0,0,0,2.1,2.9,71.4,9.3,0.8,0.5,0.5,2.7
Sahvir Wheeler,G,31,33.8,14.3,5.6,12.9,43.6,0.8,2.9,26.7,2.2,3.5,64.5,3.5,6.1,1.3,0.2,3.3
Jared McCain,G,36,31.6,14.3,4.9,10.5,46.2,2.4,5.8,41.4,2.1,2.4,88.5,5,1.9,1.1,0.1,1.3
Jlynn Counter,G,29,30.5,14.3,5.2,11.5,44.9,0.9,2.7,32.5,3.1,4,76.7,3.9,3,1.5,0.2,3.4
A'lahn Sumler,G,29,29.6,14.2,5.1,12.8,40.1,2,6.1,32.6,2,2.7,72.2,3.1,1.7,0.9,0.3,1.6
Jonathan Mogbo,F,34,28.9,14.2,6.1,9.5,63.6,0,0.1,0,2.1,3.1,69.2,10.1,3.6,1.6,0.8,1.8
Seth Towns,F,32,32.4,14.2,4.1,11.2,36.8,2.1,6.1,34.7,3.8,4.6,84.2,6.5,2.5,1,0.4,2
Trae Broadnax,G,30,31.4,14.2,5.3,11.4,46.5,1,3,33.7,2.6,3.6,71.6,4.2,3.5,1,0.2,2.3
Tai Strickland,G,25,30.9,14.2,5,11.4,43.5,0.7,2.9,24.7,3.6,4.5,79.5,4,2.6,1.8,0.4,2.9
Kyle Rode,F,32,30.6,14.2,4.8,12.1,40.1,3.1,8.1,38.8,1.4,1.8,75.9,4.9,2.5,0.8,0.1,1.1
Ace Baldwin Jr.,G,33,35.9,14.2,4.4,11.4,38.9,1.5,4.4,32.9,3.9,4.7,82.6,2.7,6,2.7,0.3,2.6
Jaxson Robinson,G,33,26.5,14.2,5,11.7,42.6,2.5,6.9,35.4,1.8,2,90.8,2.5,1.3,0.7,0.4,1.5
Idan Tretout,G,28,28.1,14.2,4.7,12,39.4,2.1,5.9,36,2.6,3.9,67.3,2.9,2.3,1.5,0.2,2.1
Jamal Mashburn Jr.,G,28,29.4,14.1,4.6,12.7,36,1.4,4.5,31.7,3.6,4.2,84.7,2.1,1.5,0.4,0.1,1.3
Kelton Talford,F,31,27.1,14.1,4.9,7.9,62.4,0.1,0.3,25,4.2,6.1,69.1,5.7,1.1,0.5,0.6,2.1
Shamar Wright,G,32,33.5,14.1,4.9,11,44.7,1.3,4,32.8,3,4.6,65.8,4.6,1.1,1.6,0.5,1.5
Danny Wolf,C,32,30.8,14.1,5.5,11.7,47.2,0.9,2.6,34.5,2.2,3.1,71.7,9.7,2.4,1,1.3,2.3
Jaden House,G,32,28.1,14.1,4.9,10.9,45.1,1.3,4,33.1,2.9,4.3,67.4,3.2,1.4,0.7,0.3,2.1
Meechie Johnson Jr.,G,33,29.1,14.1,4.7,11.8,39.9,1.8,5.7,32.1,2.8,3.6,78.8,4.1,2.9,0.9,0.1,1.6
Atin Wright,G,35,30.7,14.1,4.8,10.5,45.8,1.9,4.6,40.6,2.6,3.1,81.8,2.3,1.9,1.1,0.1,1.2
Donovan Dent,G,35,31.3,14.1,5.6,10.7,52,0.4,1.1,37.5,2.5,3.7,68.2,2.5,5.4,1.5,0.7,2.3
Isaiah Thompson,G,24,30.1,14.1,4,9.7,41.6,2.4,6.2,38.5,3.6,4.3,83.7,1.9,2,1.1,0,2
Ja'Darius Harris,G,26,29.2,14.1,4.6,10.2,45.1,1.1,3.2,33.7,3.8,4.5,83.1,3.3,1.9,0.9,0,2
KJ Johnson,G,29,28.4,14.1,4.2,9.6,43.4,0.9,2.8,32.5,4.8,6.2,77.3,2.7,2.1,0.3,0.1,1.3
Shykeim Phillips,G,31,26.2,14.1,5.5,10.5,52.5,0.4,1.2,34.2,2.7,3.3,80.6,3.2,3.7,1.9,0.2,1
Boden Skunberg,G,31,34,14.1,5,12.2,40.8,1.6,4.6,34,2.5,3.2,79,5.4,2.1,0.6,0,1.9
Seth Hubbard,G,31,30.9,14.1,4.8,13.2,36.8,2.2,6.9,32.1,2.2,2.7,79.8,3.4,1.6,1.1,0.3,1.4
Quinton Mincey,G,32,27.1,14.1,4.5,9.1,49.3,1.4,3.9,34.9,3.7,4.8,76.1,6.6,1,0.7,0.6,1.3
Jayvis Harvey,G,28,34.8,14,4.3,10.3,41.9,1.9,5.1,36.4,3.5,4.5,79.2,3.9,3,1.1,0.4,1.9
Darius Maddox,G,29,33.9,14,4.7,10.7,44.3,2.3,5.6,41.4,2.3,2.7,85.7,3.4,1.8,0.6,0.3,1.3
Jaylen Forbes,G,30,33.9,14,4.4,11.4,38.2,2.6,7.3,35.2,2.7,3.6,76.6,3.8,1.8,1.4,0.3,1.9
Devontae Blanton,F,30,30.4,14,5.6,13.4,41.9,0.5,1.7,30.8,2.2,3.2,69.8,5.3,2.5,0.7,0.3,1.9
Will Thomas,F,30,28.1,14,5.4,11.4,47.1,0.4,2,20.3,2.9,3.4,85.3,4,1.9,1,0.5,1.9
Brandon Johnson,F,31,34.7,14,4.6,11.1,42,2.1,5.7,36.5,2.6,3.6,73.9,8.6,1.6,1.7,0.5,1.7
Akuel Kot,G,32,34,14,4.8,11.2,43.3,1.9,5,37.9,2.4,2.8,86.7,2.5,2,0.6,0.2,2.3
Gabe Dorsey,G,33,31.8,14,4.2,10.7,38.7,3.4,9.4,36.5,2.3,2.6,89.4,3,0.7,0.6,0.1,0.8
Miguel Tomley,G,34,31.4,14,4.9,11.5,42.5,2.5,6.5,38.3,1.8,2.3,77.9,3,1.9,0.8,0.1,1.5
Dhashon Dyson,G,34,33,14,4.9,14.1,34.9,1.8,5.2,34.5,2.4,3.1,74.8,3.5,1.9,1.7,0,1.9
Max Shulga,G,37,32.9,14,3.9,8.8,44.6,2.3,5.6,41.5,3.8,4.4,87.6,4.6,3.6,0.9,0.3,2
Sion James,G,31,36.8,14,4.8,9.3,51.4,1.4,3.6,38.1,3.1,4.5,68.3,5.4,2.7,1.6,0.7,1.2
Jeremy Roach,G,35,32.7,14,4.7,10.1,46.8,1.5,3.6,42.9,2.9,3.5,84.4,2.5,3.3,1.1,0.1,1.4
Nolan Hickman,G,35,35.3,14,5.1,10.9,47.1,2.2,5.4,41.3,1.5,1.7,88.3,2.3,2.7,1,0.3,1.3
Tony Perkins,G,34,30.9,14,4.8,11.1,43.2,0.7,2.3,29.9,3.7,4.7,78.8,4.4,4.6,1.6,0.4,1.9
Marcus Williams,G,34,30.8,14,5.5,12,45.6,1.9,5.5,34.4,1.1,1.7,67.2,3.3,3.9,1.4,0.3,2.2
Jaylin Hunter,G,33,31.3,14,4.8,11.5,41.7,1.5,5.1,29.3,2.9,3.9,74.4,4.4,4.9,1.7,0.2,2.1
Mekhi Mason,G,32,30.5,14,4.8,12.1,39.3,1.5,4.5,34.3,2.9,4.3,68.1,4,2.8,0.9,0.5,2.3
Stephan Swenson,G,35,33.4,13.9,4.9,12.1,41,1.3,4.1,32.4,2.7,3.3,81.9,4.7,5.8,1.5,0.1,2.7
Duke Deen,G,35,32.9,13.9,5,11.5,43.7,2.5,6.6,38.1,1.4,1.7,78.7,3.2,3.9,0.9,0.1,1.8
Miles Kelly,G,32,31.8,13.9,4.7,12.7,36.9,2.2,6.7,32.1,2.4,3.3,73.3,5.5,1.8,0.8,0.3,2
Tahlik Chavez,G,31,30.8,13.9,4.2,9.7,42.7,2.6,6.4,40.4,3,3.9,77.7,2.9,1.3,0.9,0,1.2
Jahmyl Telfort,F,33,34.8,13.9,5.2,12.1,43.5,1.1,3.3,32.7,2.3,2.8,84.6,4.9,3,1,0.5,1.7
Tyrese Samuel,F,36,26.8,13.9,5.5,9.8,56.4,0.1,0.7,16,2.8,4.9,56.2,7.4,1.9,1.1,1.1,1.7
Ben Johnson,G,27,32.1,13.9,5.1,12.2,41.5,2.6,6.7,38.1,1.2,1.5,80,3.4,1.4,0.7,0,0.7
Gerald Drumgoole Jr.,G,33,28.6,13.9,4.7,10.8,43.3,2.3,6.2,37.3,2.2,3.5,64.3,3.8,2.4,0.4,0.2,1.5
Jhamir Brickus,G,33,36.5,13.9,4.8,11,43.3,1.8,4.5,40,2.5,3,85.7,3.5,4.8,1.2,0.1,2.1
Jestin Porter,G,33,31.8,13.9,5,12.5,39.9,1.8,5.5,33.7,2.1,2.7,77.5,3.3,1.8,1,0.2,2.2
Aaron Clarke,G,31,33,13.9,4.9,12,41.1,2,5.7,35,2,2.6,77.5,3.5,3,0.7,0.1,1.3
Brycen Goodine,G,31,25.9,13.9,4.9,9.8,49.8,2.5,5.3,46.7,1.6,2.2,76.1,3,1.4,0.8,0.3,1.5
Aidan Mahaney,G,34,33.2,13.9,4.9,12.8,38.6,2.4,6.9,35.5,1.5,1.9,81.3,2.6,2.6,0.8,0.1,1.4
Joel Soriano,C,33,28.2,13.8,5.1,8.8,57.7,0.2,0.5,43.8,3.4,4.9,70.2,9.5,1.5,0.2,1.7,1.2
Aniwaniwa Tait-Jones,G,33,29.7,13.8,4.8,8.5,56.1,0.3,0.8,34.6,4,5.5,73.1,5.8,2.9,1.1,0.3,2.2
Bub Carrington,G,33,33.2,13.8,4.8,11.7,41.2,2,6.1,32.2,2.2,2.8,78.5,5.2,4.1,0.6,0.2,1.9
Keith Lamar,F,27,27.9,13.8,4.8,10.5,45.9,1.6,3.7,42.4,2.6,3.5,75.5,5.3,1.4,1.2,0.4,1.9
Frankie Collins,G,32,32.3,13.8,5.3,12.5,42.6,1.4,4.5,31,1.8,3.1,57.6,4.4,3.2,2.6,0.2,2.7
Zion Young,G,31,29.5,13.8,4.2,10.8,38.4,1.9,5.6,33.1,3.6,4.6,77.8,3.5,0.7,0.6,0.1,1.1
Beau Becker,F,31,30,13.8,5.4,11,48.5,2.4,6,39.6,0.7,1,71,4.4,1.5,0.5,0.8,1
Lamar Wilkerson,G,31,29.7,13.8,4.9,11.4,42.8,1.7,4.8,34.7,2.4,2.9,83.1,3.6,1.4,1,0.2,1.3
Cameron Hildreth,G,35,34.1,13.8,4.7,10.3,45.4,1.1,3.3,35.1,3.3,4.1,80.4,4.7,2.4,1,0.2,2.1
Malevy Leons,F,35,34.4,13.8,4.5,9.2,48.8,1.2,3.6,34.1,3.6,4.6,78.3,7.1,1.3,1.5,1.5,1.7
Ben Krikke,F,34,28.6,13.8,5.5,10,54.7,0.2,0.5,33.3,2.7,3.6,74,4.8,1.4,0.9,0.3,1.1
VonCameron Davis,F,33,29.2,13.8,5.3,10.9,48.5,1,2.9,33,2.3,3,75,5.1,1.4,1,0.2,1.5
Tyrin Lawrence,G,28,31.1,13.8,4.4,11.1,39.9,1,3.7,27.2,3.9,5.6,70.5,5.1,1.5,1.4,0.4,1.9
Jaylen Murray,G,32,32.2,13.8,4.8,11.8,41.1,2.3,6,37.3,1.8,2.4,76.6,2.3,4,1.4,0.4,1.7
Robert Brown III,G,32,34.4,13.8,4.5,10.5,42.9,2.5,6.1,40.8,2.3,2.9,77.7,3.1,1.6,0.8,0.2,1.7
Yaxel Lendeborg,F,35,30.1,13.8,4.5,8.7,51.3,0.3,1,33.3,4.5,5.6,80,10.6,2.1,0.7,2.1,2
Xavier Amos,F,25,30.9,13.8,5.2,10.4,49.6,1.6,4.2,38.5,1.8,2.8,64.8,5.8,1.2,0.8,1.3,2.3
Shaquil Bender,G,25,31.8,13.8,5.2,13.6,38.1,1.9,5.5,34.1,1.5,1.8,80.4,3.2,1.6,1.2,0.2,2.5
TK Simpkins,G,29,27.1,13.8,4.2,10.2,41.6,0.9,3,28.7,4.4,6,74,4.7,3.1,1.6,0.3,2.3
AJ Smith,G,31,30.1,13.7,4.5,10.8,41.3,1,3.5,27.5,3.9,4.9,78.9,8.8,1.4,1.1,0.6,2.2
Skylar Wicks,G,30,27.6,13.7,4.8,12.1,39.6,1.4,4.5,31.1,2.7,3.8,72.6,6.6,1.8,0.9,0.6,3.2
Tyler Perkins,G,29,29.8,13.7,4.6,11.8,39.1,1.8,5.2,34.7,2.7,3.5,76.5,5.3,1.9,1.4,0.1,1.8
Julian Reese,F,32,31.9,13.7,5,9.1,54.6,0,0,0,3.8,6.7,56.8,9.5,1.3,1,1.9,2.5
Cliff Davis,G,31,31.4,13.7,4.6,11.5,39.9,3,7.6,39.2,1.5,1.8,84.2,3.6,1.7,1,0.1,1.3
Keshon Gilbert,G,37,31,13.7,4.4,10,43.8,1,2.8,34.6,4,5.5,72.8,4.4,4.2,2,0.1,2.8
Chibuzo Agbo,G,33,31.2,13.7,4.7,10.4,45.2,2.3,5.6,40.9,2,2.7,72.2,5.1,0.8,0.6,0.4,1.1
Deywilk Tavarez,G,33,30.8,13.7,4.5,11.2,39.6,1.6,4.5,36.2,3.1,4.1,76.9,3.4,3.6,2,0,3.8
Claudell Harris Jr.,G,35,31.5,13.7,4.8,12,40.3,2.5,6.8,37,1.5,2.1,71.2,3.7,2.1,0.8,0.1,1.1
Matthew Cleveland,G,29,33.2,13.7,5.3,10.9,48.9,1,2.9,35.7,2,2.5,79.5,6.1,1.7,1.3,0.4,1.9
Dedan Thomas Jr.,G,34,34.9,13.6,4.8,10.7,44.9,1,2.8,36.2,3.1,4.1,74.3,2.7,5.1,0.9,0,2.2
Samage Teel,G,32,27.9,13.6,4.6,10.5,44.2,1.7,4.1,41.5,2.7,3.6,75.4,2.6,2.7,0.8,0.1,2.2
B.J. Mack,F,34,24.8,13.6,4.5,10.8,41.4,1.5,4.6,32.1,3.2,4,80.1,4.7,1.3,0.3,0.5,1.3
Chris Doherty,F,31,28.9,13.6,5.4,10.4,52.2,0.5,2.2,23.5,2.3,3.1,73.7,6.7,2.3,0.5,0.8,2.8
Ray'Sean Taylor,G,33,30.7,13.6,4.6,11.9,38.4,2.5,6.7,36.7,2,2.5,80.5,3.6,2.8,1.2,0.1,2.6
Charles Smith IV,G,30,28.2,13.6,4.6,11.2,41.2,1.2,3.6,33.6,3.2,4,80,3.3,1.8,1.3,0.4,2
Gabe Madsen,G,37,32.7,13.6,4.8,11,43.6,2.8,7.4,38.6,1.2,1.6,72.1,3.9,2.5,1.3,0.1,2
Noel Coleman,G,34,32.6,13.6,4.5,10.1,44.9,1.9,5.3,35.4,2.6,3.2,81.8,3.4,1.4,1.2,0.2,1.5
RayJ Dennis,G,35,34.3,13.6,5.1,10.7,47.9,1.1,3.4,32.8,2.2,3,73.1,3.9,6.7,1.4,0.1,3.5
Tre Jackson,G,32,33.3,13.6,4.7,12.1,39,3,8.2,37,1.1,1.3,83.3,3,1.8,1,0,1.3
Nico Galette,G,31,27.8,13.5,5.2,12.3,42.1,1,3,32.3,2.2,3.6,61.3,7.3,2.1,1.9,0.5,2.2
Hunter Cattoor,G,33,33.2,13.5,4,9,44.9,2.5,6.1,40.5,3,3.4,89.3,2.8,1.9,0.9,0.2,1.2
Marcus Dockery,G,35,34,13.5,4.5,10.6,42.2,2.7,6.7,40.6,1.9,2.3,82.3,3.3,1.8,0.9,0.1,2.1
Alex Schumacher,G,37,30.6,13.5,4.4,10.5,42.3,0.8,2.6,30.9,3.9,5,77.7,3.7,5.1,1.3,0.1,2.9
Jose Perez,G,30,30.9,13.5,4.1,9.6,43.1,0.6,1.4,40.5,4.7,6.4,73.8,3.8,2.7,0.9,0.3,1.6
KJ Allen,F,30,27.2,13.5,4.3,9.8,44.2,0.9,2.3,38.6,4,5.1,78.3,7.4,1.2,1,0.2,1.5
Jahvon Quinerly,G,32,32.9,13.5,4.4,10.8,40.5,1.8,5.3,34.5,3,3.8,79.2,3.3,4.9,1.3,0.1,2.3
Ray Harrison,G,34,32.8,13.5,4.3,10.5,40.6,1,3.4,28.7,4,4.8,83.5,2.9,3.9,0.8,0.2,2.1
Jayson Kent,F,38,30.3,13.5,4.9,7.7,63.9,0.8,2.2,36.6,2.8,3.4,83.7,8.1,0.6,0.7,0.5,1.1
Ethan Taylor,G,31,36.8,13.5,4.5,12,37.8,2.7,7.6,35.7,1.7,2.1,81.5,4,2.7,1.2,0.4,1.9
DJ Davis,G,33,29.4,13.5,4.3,10,42.9,2,5.8,35.1,2.9,3,95,3.2,2.6,1.1,0.1,1.6
Trey Moss,G,33,31.3,13.5,4.8,11.7,41.3,1.3,4.5,29.1,2.6,3.4,75.2,3.5,2.2,0.7,0,1.5
Brian Goracke,F,35,30.4,13.5,4.4,10.1,43.6,2,5.4,36.5,2.7,3.2,86.5,4.3,0.8,0.6,0.5,1.6
Wayne McKinney III,G,32,30.1,13.5,4.5,10.7,41.9,0.8,2.5,34.2,3.7,5,74.4,3.6,2.9,1.3,0.2,2.1
Roddy Gayle Jr.,G,36,30.9,13.5,4.7,10.4,44.9,0.8,2.8,28.4,3.3,4,83.2,4.6,3.1,0.8,0.2,2.4
Jonathan Cisse,G,32,29.2,13.5,4.3,10.5,41.2,1.6,4.2,37.8,3.3,4,82.7,3.4,2.8,0.9,0.1,1.5
Quimari Peterson,G,35,32,13.5,5.1,12.9,39.3,1.1,3.8,28.6,2.2,3.1,71.6,4.5,3.7,1.7,0.3,2.3
Tyrone Williams,G,31,30.9,13.5,5.3,12.4,42.6,1.1,4.1,27.3,1.8,2.9,61.1,5.6,1.1,1.5,0.3,1.3
Tamar Bates,G,32,27.4,13.5,4.8,9.7,49.5,1.1,2.8,38.5,2.8,3,92.6,3,1.3,0.8,0.2,1.7
Nate Heise,G,32,32.9,13.5,4.7,10.1,46.3,1.5,4.1,35.6,2.7,3.7,72.9,6.1,2.4,0.9,0.6,1.6
Andrew Carr,F,35,32.5,13.5,4.7,8.9,52.6,1,2.8,37.1,3.1,3.9,78.1,6.8,1.5,0.5,1.5,1.2
Davon Barnes,G,33,30.9,13.5,4.5,10.7,42.1,1.8,4.6,39.1,2.6,3.2,83.7,3.5,1.6,0.7,0.2,1.8
Kaden Metheny,G,32,32,13.4,4.8,10.5,45.2,2.7,6.6,41.2,1.2,1.8,68.4,3.4,2.7,0.8,0.1,1.9
Oso Ighodaro,C,36,32.5,13.4,5.4,9.4,57.6,0,0.1,0,2.5,4.1,62.3,6.9,2.9,1.1,1.3,1.8
Anthony Roberts,G,36,32.1,13.4,5.1,11.1,45.8,1,3.3,30.8,2.2,2.8,80.8,5.8,1.6,1.7,0.7,2
Joshua Corbin,G,29,33.6,13.4,4.1,10.9,37.5,3,8.3,36.3,2.2,2.6,85.3,3.1,3.2,0.5,0,1.9
Jamal West Jr.,F,34,32.6,13.4,4.6,9.1,50.3,0.1,0.8,18.5,4.1,6,69.1,7.4,2.1,0.6,1.6,3.1
Chad Venning,F,33,24.1,13.4,5.3,10.1,52.9,0,0.1,0,2.7,3.8,70.9,4.6,0.5,0.4,1.6,2.2
John Poulakidas,G,33,31,13.4,4.7,10.5,44.7,2.5,6.2,40.5,1.5,1.9,76.6,2.3,1.9,0.5,0.4,0.9
Adam Clark,G,33,31.2,13.4,5.2,11.1,46.9,0.2,1.3,14,2.8,3.7,74.8,2.5,3.9,2.5,0.1,2.5
Arturo Dean,G,31,28.8,13.4,5.4,12.8,41.8,0.9,2.9,30.3,1.8,2.8,64.4,5.1,4,3.4,0.2,3.7
Brice Williams,G,34,29.7,13.4,4.2,9.5,44.4,1.5,3.8,38.8,3.5,4.1,84.4,5.5,2.5,1.1,0.6,1.8
Jalen Cone,G,32,35.6,13.4,3.9,11.8,33.2,2.8,8.7,31.9,2.8,3.4,81.7,2.1,2.3,0.6,0.1,1.3
Chuck Harris,G,32,29.8,13.4,4.8,11.1,43.2,2.1,5.2,40.7,1.7,2.1,81.8,3.2,3.4,1,0.2,1.9
Aaron Estrada,G,37,31,13.4,5.3,11.9,44.9,1.4,4.3,31.3,1.4,1.6,84.7,5.4,4.6,1.6,0.2,2.3
Shereef Mitchell,G,32,29.9,13.3,4.9,10.5,47,1.1,3.3,32.7,2.4,3.3,73.1,4.2,2.4,1.4,0.2,1.4
T.J. Bickerstaff,F,36,23.4,13.3,5.2,8.4,61.9,0,0.1,0,2.9,4.8,62,8.4,1.7,1.1,0.4,1.8
Javaunte Hawkins,G,33,26.8,13.3,4.5,11.2,39.8,2.7,6.9,38.4,1.8,2.2,80.6,2.2,2.3,1.2,0,1.5
Javian McCollum,G,30,31.1,13.3,4.4,10.9,40.4,1.8,5.7,31.4,2.7,2.9,94.3,2.6,3.4,0.8,0.1,2
Nijel Pack,G,25,32.6,13.3,4.9,12.2,40,2,5.6,35.7,1.6,2,76.5,2.6,3.6,1,0.3,1.8
J.J. Starling,G,32,34.4,13.3,5.3,11.7,45.8,1.4,4.3,32.4,1.3,1.8,71.4,3.2,1.9,0.8,0.2,1.7
Ryan Myers,G,32,30.2,13.3,4.2,11,38.4,2.6,6.4,40,2.3,2.8,81.3,2.5,2.1,0.4,0,2.3
Ian Martinez,G,34,30.9,13.3,4.2,8.9,47.4,1.6,4.1,38.1,3.3,3.9,85.6,3.6,1.8,0.9,0.8,1.8
Deivon Smith,G,28,29.5,13.3,5,10.7,46.7,1,2.5,40.8,2.3,3.3,67.7,6.3,7.1,1.1,0.3,2.5
Rashaun Agee,F,33,27.5,13.3,4.8,8.4,57,0.1,0.4,23.1,3.6,5.3,68,9.9,1.6,0.9,0.8,2.2
Daniel Rivera,F,33,31.6,13.3,5.6,11.1,50.3,0.1,0.8,10.7,2,4.3,46.9,8.1,2.2,1,2.2,1.8
Troy Hupstead,F,26,25.8,13.3,4.7,10.8,43.8,0.8,2.5,32.8,3,4.3,69.6,8.5,1.1,0.6,0.6,2.2
Toneari Lane,G,31,31.3,13.3,4.6,12.5,36.6,2.8,8.2,33.7,1.3,1.6,82,2.5,0.8,0.3,0.3,0.4
Bowen Born,G,31,27.5,13.3,4.3,11.4,37.6,1.7,5.5,32,2.9,3.3,88.3,2.5,1.8,1,0,1.2
Alex Karaban,F,39,31.4,13.3,4.9,9.9,49.5,2.1,5.5,37.9,1.4,1.6,88.5,5.1,1.5,0.9,0.8,0.8
Skyy Clark,G,29,31.9,13.2,4.4,10.6,41.2,1.6,4.6,35.3,2.9,3.7,77.6,3.1,3,1,0.1,3
Alex Williams,F,25,26.9,13.2,4.6,10.4,43.8,2.4,5.9,39.9,1.8,2.3,75.9,4.8,1,0.7,0,1.7
Jeremiah Gambrell,SG,30,27.1,13.2,4.4,9.7,44.9,2.5,5.9,42.6,2,2.5,80,2.4,0.8,1.1,0.2,0.8
Elijah Buchanan,G,22,31.4,13.2,5,13.3,37.9,1.1,4.3,25.5,2,3.2,64.3,5.8,1.8,1.5,0.5,1.6
Carlos Marshall Jr.,G,31,24.3,13.2,4.7,9.8,48.2,2,4.6,42.4,1.8,2.3,77.5,4.4,1.7,0.8,0,1.9
Alvaro Cardenas,G,31,35.5,13.2,5,10.9,45.7,1.5,3.8,38.5,1.8,2.2,80.9,3.3,5.5,0.9,0.1,2.1
De'Shayne Montgomery,G,32,27.8,13.2,4.9,9.1,53.8,0.9,2.1,41.2,2.6,3.6,72.8,3.5,2,1.7,0.7,2.8
Parker Bjorklund,F,33,24.9,13.2,5,10.7,47.2,1.1,3.5,31.6,2.1,2.8,73.1,4.6,1.2,0.8,0.2,1.2
Cooper Schwieger,F,31,29.9,13.2,5.1,10.2,50.2,1.1,2.9,36.3,1.9,2.5,78.9,5.4,1,0.4,0.9,1.6
Garry Clark,F,33,26.8,13.2,5.5,10.4,53.2,0.5,1.7,26.3,1.7,2.6,64.4,8.1,1,1.1,0.5,1.5
Justin Winston,F,25,25.7,13.2,4.6,11.5,39.9,1.1,3.6,30.3,2.9,3.3,86.7,5.3,0.7,1.1,0.5,2.6
Parsa Fallah,F,25,27.6,13.2,5.7,10,57,0.1,0.7,17.6,1.7,2.5,66.7,6,1.6,0.6,0.3,2.8
Connor Kochera,G,32,29.3,13.2,4.8,9.8,49.2,1.6,4.3,36.2,2,2.5,77.8,4.3,0.9,1,0,1.1
AJ McGinnis,G,32,30,13.2,4.8,10.3,46.1,2.4,6.1,39.7,1.3,1.5,83.3,2.3,0.9,0.5,0.2,1.3
Lynn Kidd,C,33,23.2,13.2,5.4,8,66.8,0,0,0,2.4,2.9,84.2,6.5,1.1,0.5,0.4,1.3
Donovan Ivory,G,24,31.7,13.1,4.1,9.9,41.4,1.9,4.6,40.9,3.1,3.5,89.2,4.4,1.8,1.4,0.4,1.5
Kamdyn Curfman,G,33,33.4,13.1,4.3,12.3,34.9,2.7,8.3,32.8,1.8,2.1,86.8,2.3,2.6,0.9,0,2.2
William Kyle III,F,35,27.7,13.1,5.6,8.9,62.3,0,0,0,2,3.4,58,6.6,1.7,0.3,1.6,1.4
Cobe Williams,G,31,31.4,13.1,4.2,10.7,39.5,1.8,5.5,33.3,2.8,3.7,75.7,3.4,3.6,2.1,0.2,2.9
Donovan Gregory,F,33,28.6,13.1,4.6,9.5,47.9,0.4,0.9,45.2,3.5,4.5,78.9,4.4,3.1,1.1,0.7,1.7
Joel Scott,F,36,28.3,13.1,4.7,8.3,56.9,0.3,1.3,25,3.4,5,67.2,6.1,1.4,0.8,0.9,0.9
Wooga Poplar,G,29,31.2,13.1,4.6,10.8,42.6,2.1,5.6,38.5,1.8,2,86.4,4.8,2.1,0.8,0.3,1.9
Jordan Jones,G,31,29.4,13.1,4.6,10.5,44,1.2,3.4,34,2.7,3.6,74.8,3.5,3.6,1.8,0.2,2.2
DJ Burns,F,32,28.8,13.1,4.7,9,51.7,1,3,32.3,2.8,3.3,84,11,2.5,1,0.7,1.5
Terrence Hargrove Jr.,F,33,30.2,13.1,4.4,8.4,51.8,1.4,3.5,40.9,2.9,3.7,79.3,5.5,0.7,0.6,0.6,1.4
Terry Anderson,F,33,28.3,13.1,4.4,8.9,49.5,0.9,2.9,30.2,3.3,4.5,74.3,6.5,2.7,1.2,0.7,2
Alijah Martin,G,34,30.6,13.1,4.5,10.9,41.4,2.1,6.1,33.8,1.9,2.6,75,5.9,1.6,1.6,0.3,1.4
Brandon Walker,F,35,19.6,13.1,5.3,9.5,56.3,0.4,1.2,31,2,3.5,57.9,4,1.1,0.5,0.2,1.8
Jack Gohlke,G,36,31.5,13.1,3.9,10.3,37.9,3.8,10.1,37.6,1.4,1.8,78.5,4.1,1.1,0.7,0.1,0.6
Noah Thomasson,G,37,28.4,13.1,4.8,11.7,40.9,2.2,6.3,34.5,1.3,2.2,59.8,2.8,1.6,0.7,0.1,0.8
Quinton Morton-Robertson,G,36,29.4,13,4.1,9.7,42,2.9,7.2,40.4,1.9,2.3,86.4,2.8,2.3,1.3,0,1.1
Kasean Pryor,F,32,26.3,13,4.1,9.1,44.7,1.2,3.3,35.2,3.7,4.6,81.5,7.9,1.8,1.2,0.7,1.7
Brandon Angel,F,30,31.4,13,4.5,8,56.7,1.1,2.5,44.7,2.8,3.4,81.6,4.7,1.7,0.6,0.3,1.7
Rafael Pinzon,G,33,27.2,13,5,12.1,41.1,1.7,4.8,35.4,1.4,1.8,76.3,3.1,1.7,0.8,0.3,1.6
Donovan Clingan,C,35,22.6,13,5.3,8.3,63.9,0.1,0.2,25,2.3,4,58.3,7.4,1.5,0.5,2.5,0.8
Kintavious Dozier,G,36,26.4,13,4.5,10,44.6,1,3.2,32.2,3,4,76.2,3,1,1,0.2,1.6
Devon Barnes,G,35,27.7,13,3.9,9,43.2,1.6,4,39.7,3.6,4.2,85.7,2,2.2,1.3,0.1,1.1
Amarri Monroe,F,34,27.6,12.9,4.4,9.2,47.3,1.1,3.3,35.1,3.1,3.9,78.4,6.9,0.9,1.8,1,1.8
Jamal Shead,G,37,31.1,12.9,4.8,11.7,40.9,1.2,3.8,30.9,2.2,2.8,77.9,3.7,6.3,2.2,0.5,2
Oumar Ballo,C,36,25.9,12.9,5.1,7.8,65.8,0,0,0,2.6,5.3,49.5,10.1,0.8,0.9,1.3,1.4
Dan Skillings Jr.,G,36,27.9,12.9,4.8,11.4,42.1,1.1,3.9,28.4,2.2,3.3,66.9,6.4,1.6,0.9,0.7,1.7
Lue Williams,G,35,33.5,12.9,4.7,10.5,45.4,1.1,3.4,31.1,2.4,3.1,76.1,4.4,1.3,1.3,0.3,1.4
DaJuan Gordon,G,33,30.7,12.9,4.3,9.4,45.8,1.2,3.7,31.4,3.2,4.2,75.4,8.2,2.5,1.8,0.3,3
Brandon Huntley-Hatfield,F,32,30.8,12.9,4.9,8.7,56.7,0.3,0.7,42.9,2.8,4.2,67.2,8.4,1,0.6,0.8,1.7
Josiah Davis,G,31,30.5,12.9,5.1,10.1,50.3,0.3,1.2,25,2.5,4,62.1,4.6,2.3,0.7,0.1,2.4
DJ Burns,F,41,24.8,12.9,5.6,10.6,53.1,0,0.1,20,1.6,2.4,68,4,2.9,0.4,0.6,1.9
Latrell Jossell,G,30,27.5,12.9,3.9,9.5,40.6,1.7,4.6,37.4,3.4,4.1,83.1,2,2.3,1.6,0.2,2.3
Jordan Mason,G,29,31,12.9,4.6,12,38.5,0.6,2.1,29.5,3,3.8,79.3,3.6,2.8,1.3,0.3,2.4
Jaemyn Brakefield,F,32,29.2,12.9,4.2,8.8,47.7,1.2,3.3,36.2,3.3,4.3,76.5,4.9,2.4,0.8,0.5,1.6
Andrew Morgan,F,32,23.3,12.9,4.6,8.3,55.6,0.4,1,36.4,3.3,4.6,70.3,5,1,0.3,0.3,2
Dylan Andrews,G,32,35.2,12.9,4.8,12.1,39.5,1.5,4.5,32.4,1.8,2.3,80.8,2.2,3.7,0.8,0.1,1.9
Chase Hunter,G,36,32.8,12.9,4.4,10.5,42.4,1.3,4.2,31.1,2.7,3.1,85,2.6,3.2,0.7,0.3,1.8
Grant Huffman,G,32,34,12.8,4.9,10.8,45.3,0.6,2.1,26.9,2.5,3.5,72.3,5.1,5.3,1.4,0.3,2.1
Zach Anderson,F,32,31.8,12.8,4.7,9.8,48.2,1.6,3.5,45.9,1.8,2.6,69,5.1,1.9,0.7,0.5,1.8
Jackson Shelstad,G,32,32.6,12.8,4.9,10.9,45,1.5,4.4,34.5,1.5,1.8,85.7,2.8,2.8,0.7,0.2,1.6
Rahsool Diggins,G,31,30.7,12.8,4.4,10.8,40.2,2.4,6.6,36.8,1.7,2.3,75.7,2.4,2.2,1.1,0.3,1.5
Reyne Smith,G,35,25.9,12.8,3.8,9.3,41,3.2,8.1,39.4,2,2.4,85.5,2.1,1.7,0.5,0.1,0.7
Anthony Pritchard,G,29,33,12.8,5,11,45.1,0.5,2,26.3,2.4,3.2,74.2,5.1,4.7,1.7,0.1,2.9
Josh Banks,G,34,28.7,12.8,3.9,9.2,41.9,2,5.1,39.5,3.1,3.6,85.5,3.4,1.1,0.7,0.3,1.3
Dontrez Styles,G,32,33.5,12.8,4.3,10.1,43,1.5,4.2,36.8,2.6,3.3,77.6,5.8,0.8,0.6,0.7,1.5
Igor Milicic Jr.,F,31,32.2,12.8,4.2,8.6,48.7,1.8,4.8,37.6,2.6,3.2,81.8,8.5,1.7,0.7,1.1,2
Gabe McGlothan,F,34,33,12.8,4.2,8.8,47.7,1.4,3.6,39.8,3,3.9,76.7,7.3,1.1,1.3,0.9,1.6
Tre'Von Spillers,F,34,29,12.8,5.5,9.1,60.4,0,0,0,1.9,2.7,68.5,8.9,0.4,0.7,1.3,0.8
Donovan Clay,G,33,33,12.8,4.6,10.5,44.2,0.8,2.6,32.6,2.7,3.9,68.8,5.9,2.4,0.7,0.9,2
Taryn Todd,G,37,25.8,12.8,4.9,11.6,42,1.3,3.9,33.8,1.7,2.4,71.9,3.4,2.4,1,0.5,1.9
Mika Adams-Woods,G,32,32,12.8,4.4,9.7,46,1.5,3.5,43.2,2.4,2.9,83.7,2.5,3.7,1,0.2,1.6
Isaiah Adams,G,26,32.8,12.8,5,12.6,39.9,1.3,5.7,22.8,1.4,2,70.6,4,3.7,1,0.4,3.2
Collin Holloway,F,30,29.2,12.8,4.2,8.4,50.4,0.7,2,33.9,3.6,4.8,75.2,4.3,1.4,0.6,0.9,1.4
Sai Witt,F,34,21.4,12.8,4.4,8.2,53.6,0,0,0,3.9,6.3,62.3,5.6,0.7,0.6,0.4,1.7
Christian Brown,G,28,25.2,12.8,3.9,8.9,44.4,1.6,4.4,36.3,3.3,4.1,80.7,3.4,0.7,1.1,0.3,1.6
Pelle Larsson,G,36,30,12.8,4.5,8.7,51.9,1.3,3,42.6,2.4,3.2,75,4.1,3.7,0.9,0.2,1.9
Tae Williams,G,36,28.7,12.8,5.5,11.2,49,0.2,0.8,23.3,1.6,3.5,44.1,6,1.9,1.3,0.3,2
Keylan Boone,F,27,31.3,12.7,4.5,10.7,41.9,2,5.8,35,1.7,2.4,73.4,6.8,1.4,0.8,1.1,1.1
O'Mar Stanley,F,33,26.4,12.7,4.6,8.6,53.7,0.5,1.5,31.3,3.1,4,75.9,6.6,1.5,0.7,1.2,1.8
Matt Allocco,G,29,33.6,12.7,4.3,8.6,50.8,1.6,3.8,42.7,2.4,2.7,90.9,2.9,3.3,0.7,0.1,1.3
Abdoulaye Thiam,G,36,27.6,12.7,4.3,9.9,43.3,1.7,4.6,36.1,2.4,2.9,83,3.4,0.9,0.6,0,1.5
Julien Soumaoro,G,31,28.7,12.7,4.2,10.3,40.3,2,5.7,35.8,2.4,3.3,70.9,2.3,2.6,1.1,0,2.1
Tyrell Jones,G,32,31.7,12.7,3.7,9.1,40.3,1.4,4.2,34.3,3.9,5.1,77.8,3.8,2,1.5,0.1,2.1
Ryan Langborg,G,32,33.3,12.7,4.5,10.2,44,2.3,5.3,42.1,1.5,1.9,77.4,3,2.5,1.3,0.2,0.9
Reed Bailey,F,32,28.3,12.7,4,9.5,42.4,0.4,1.9,21.7,4.2,5.3,80.4,5.8,1.4,0.7,0.3,1.6
John Christofilis,G,28,29.5,12.7,4.6,11.1,41.7,2.3,5.8,39.8,1.1,1.5,73.8,2.3,0.5,0.5,0,1.2
Malik Hall,F,35,28.6,12.7,4.7,9,52.5,0.6,1.7,32.8,2.6,3.6,72.8,5.7,1.9,0.5,0.3,1.4
Xzayvier Brown,G,35,30.9,12.7,4.3,9.3,46,2,4.9,40.4,2.1,2.7,79.6,4,3.3,1.8,0.1,1.9
Caleb Robinson,G,32,24.3,12.7,4.5,10.5,43.3,0.4,1.5,25,3.2,5.5,58.2,6.6,1.3,0.9,0.6,1.6
Tyran Cook,G,32,28.5,12.7,5,12.1,41,1.1,3.3,34,1.6,2.3,68,2.8,2.4,0.6,0.1,2.5
Eric Acker,G,26,33.4,12.7,4.9,12.6,38.7,1.1,3.8,28.3,1.8,2.7,66.2,3.7,3.8,0.6,0.1,3.3
Russell Jones Jr.,G,31,31.3,12.6,4.5,10.1,44.1,2.6,6.3,41.2,1.2,1.5,76.6,2.2,1.4,1,0,0.7
Brandon Davis,G,32,29.9,12.6,3.9,9.6,41,2.2,5.8,37.3,2.6,3.4,76.9,3.3,2.1,1.1,0.1,1.5
Justin Hohn,G,34,27.2,12.6,4.6,10.1,44.9,1.8,4.8,37.7,1.7,2.5,67.4,2.9,1.5,0.9,0,1.4
Davion Bailey,G,26,32.8,12.6,4.5,10.2,44,2.5,5.9,42.5,1.1,1.3,82.9,3.7,1.5,1,0.1,1
Demond Robinson,F,31,27.4,12.6,5.2,9.8,52.5,0.9,2.9,32.6,1.4,2.2,62.7,7.4,0.9,1.1,0.9,1.2
Kellen Tynes,G,31,34.8,12.6,4.7,11.5,41.4,0.5,2.3,23.9,2.6,3.8,68.4,3.6,3.6,2.3,0.4,2.3
Blake Lampman,G,28,34.5,12.6,4,10.6,37.8,3.1,8.5,36.3,1.5,1.7,91.5,3.2,3,1.1,0.7,1.6
Chris Payton Jr.,F,28,27,12.6,4.4,9,49,0.3,0.8,38.1,3.5,5.2,67.8,7.4,1.5,0.9,1.1,1.9
Des Watson,G,33,31.4,12.6,4.3,10.6,40.7,1.8,4.6,38.6,2.2,3.3,64.5,4.6,2.5,1,0.2,1.8
Ryan Nembhard,G,35,35.8,12.6,4.7,10.6,44.5,1,3.1,32.1,2.2,2.9,75.2,4,6.9,1.2,0,2.3
Ginika Ojiako,C,30,27.4,12.6,5.3,8.4,63.7,0,0,0,1.9,3.3,59.2,10.6,0.9,0.8,1,1.6
Emanuel Sharp,G,37,28.3,12.6,3.6,9.8,37.3,2.2,6,36.8,3.1,3.6,85.1,3.5,0.9,1.5,0.1,1.1
Casey Jones,F,32,26.6,12.6,3.5,7,50.7,0.7,1.9,34.4,4.9,6.8,71.2,4.4,1.8,1,0.5,2.2
Brett Thompson,G,32,31.1,12.6,4.2,9.9,42,1.5,4.7,32,2.8,3.5,80.2,2.8,4.1,1.1,0.1,2
KJ Adams Jr.,F,34,33.4,12.6,5.2,8.7,60.1,0,0.1,0,2.1,3.5,60,4.6,3.1,1.1,0.6,1.8
Barrington Hargress,G,34,31.6,12.6,4.8,11.6,41.1,0.9,3,31.1,2.1,3.1,67.3,3.1,4.5,1.3,0.1,1.4
Max Brooks,F,31,26.5,12.6,5.2,8.4,62.1,0,0.1,0,2.1,3.3,65.3,7.3,1.6,0.8,2.1,1.7
Mike James,G,32,33.3,12.6,3.8,9.5,39.6,1.1,3.3,34,3.9,4.8,81.8,5,1.5,0.6,0.2,1.8
Quincy Anderson,G,32,27,12.6,4.4,9.6,45.9,1.8,4.6,39.5,1.9,2.7,72.9,4.4,1.1,1,0.2,1.1
Jaylen Wells,F,34,29.2,12.6,4.1,9.4,43.6,2.1,4.9,41.7,2.3,2.9,81.4,4.6,1.2,0.5,0.2,0.7
Philip Alston,F,29,24.3,12.6,4.5,9.9,45.1,0.6,2.3,25,3,4.7,63.5,4.6,0.8,0.6,0.7,2
Jordan O'Neal,F,30,29.2,12.5,5.1,8.4,60.6,0.2,0.6,36.8,2.2,3.3,65.7,6,1.1,0.6,1.4,1.5
Isiah Gaiter,G,32,30.6,12.5,4.6,9.9,45.9,0.9,2.5,37.5,2.5,3.1,80.6,3.3,1.8,1,0.2,1.8
Erik Pratt,G,34,27.4,12.5,4.4,10.8,41,2.1,5.7,36.1,1.6,2.1,80,3.3,2.2,0.5,0.3,1.3
JaCobi Wood,G,32,36.3,12.5,4.2,9.3,45,1.6,4.3,37.4,2.5,3,82.5,4,4.1,1.2,0.1,2
Max Zegarowski,F,30,34.7,12.5,4.3,10.4,41.8,2,5.7,34.5,1.9,2.4,77.8,4.8,1.8,0.4,0.3,1.3
Neal Quinn,C,33,27.6,12.5,5.4,10.2,53,0.2,0.4,35.7,1.5,2.1,72.9,5.4,3.9,0.5,1.3,1.7
Chris Manon,G,29,22.2,12.5,4.9,8.6,56.4,0.8,2.3,33.8,2,2.8,71.2,4,3,2.2,0.6,2.1
Vukasin Masic,G,32,32.5,12.5,4.5,9.5,46.9,1.6,4,40.3,1.9,2.5,76.2,4.2,2.9,0.7,0,2
Quinn Denker,G,32,33,12.5,4.5,11.4,39.3,1.5,4.4,34,2,2.4,84.4,3.3,3.7,0.6,0.1,2.1
Josiah Hammons,G,30,29.4,12.5,3.6,9.7,37.2,2.7,7.6,35.5,2.6,3.1,82.8,3.3,1.2,0.8,0.2,1.4
Braeden Smith,G,35,30.3,12.5,4.2,10.8,39.3,1.5,4.8,31.1,2.5,3.2,78.6,5.5,5.6,1.9,0.1,2.3
Reed Sheppard,G,33,28.9,12.5,4.3,8,53.6,2.3,4.4,52.1,1.6,2,83.1,4.1,4.5,2.5,0.7,2
Chase Lowe,G,33,26.8,12.5,4.4,8.4,52.5,0,0,100,3.6,5.5,66.3,7.3,3.2,1,0.2,2
Terrance Williams II,F,31,33.3,12.4,4,9.3,43.3,1.7,4.2,39.7,2.7,3.5,76.1,4.5,1.5,0.6,0.4,1.1
Noa Gonsalves,G,31,35.5,12.4,4.4,9.7,45.3,2.1,5.5,38.4,1.5,1.9,78.3,3,1.5,1.1,0.1,1.7
Maximus Edwards,G,31,28,12.4,4.5,10.6,42.7,1.7,4.8,35.8,1.7,1.9,86.7,6.6,1.2,0.7,0.4,2.2
Justin Moore,G,31,28.6,12.4,4.5,11.6,38.6,1.1,3.4,31.1,2.4,3.2,75.5,3.6,3.5,1.1,0.2,2.3
Jaylin Williams,F,34,24.1,12.4,4.5,7.8,57.4,1,2.5,39.5,2.5,3,83.2,4.4,1.9,0.7,0.7,1.1
Justin McKoy,F,34,30.9,12.4,4.1,8.6,47.4,1.4,3.9,36.8,2.8,3.2,87.2,6.1,1.6,0.6,0.5,1.9
Dayvion McKnight,G,34,34.3,12.4,4.6,9.8,46.7,0.9,2.5,37.2,2.3,2.8,81.3,3.7,4.8,1.5,0.1,1.6
K.J. Doucet,F,32,23.9,12.4,4,9.1,44.3,1.6,4.5,35.4,2.8,3.8,71.5,4.3,1.4,0.6,0.3,2
Elias King,G,33,32.4,12.4,4.4,10.9,40.1,2,6.1,32.7,1.7,2.4,69.6,4.5,0.9,0.7,0.6,1.7
Malik Thomas,G,33,23.1,12.4,4.2,8.8,47.4,1.5,3.6,40,2.6,3.1,86.1,2.7,0.5,0.8,0,0.9
Carson Basham,F,33,24.6,12.4,5.1,8.7,58.7,0,0.2,0,2.2,3.9,57,6.7,1.2,0.7,1.6,2
Adem Bona,C,33,26.5,12.4,4.6,7.9,58.8,0,0,0,3.1,4.5,69.6,5.9,1.2,1.1,1.8,2.5
Tamin Lipsey,G,36,31.3,12.4,4.3,10,42.8,1.3,3.2,39.1,2.6,3.7,70.5,4.6,4.9,2.7,0.1,2.1
Kareem Thompson,G,31,38.1,12.4,4.5,11.5,39,2.1,5.7,36.9,1.3,2.1,62.1,6.9,3.6,1.5,0.4,2.3
Baye Ndongo,F,29,27.8,12.4,5.1,9.1,55.8,0.1,0.4,33.3,2,3,67,8.2,1,0.8,1.1,2.6
Myles Foster,F,32,28.3,12.4,4.8,9.2,52.5,0,0.4,7.7,2.7,4.2,63.4,8.1,1.7,0.7,0.8,1.6
EJ Bellinger,G,33,25.6,12.4,4.4,9.4,47.2,1.5,3.9,37.5,2.1,2.6,80,5,1.2,0.6,0.4,1.5
JT Toppin,F,36,26.6,12.4,5.4,8.6,62.3,0.3,0.9,34.4,1.3,2.4,56.5,9.1,0.6,1.1,1.9,0.9
Augustas Marciulionis,G,34,33.1,12.4,4.4,9.9,43.8,1.1,3.2,34.3,2.6,3.4,76.3,3.3,5.3,1.4,0.2,2
Rienk Mast,F,32,29.8,12.3,4.6,10.7,43.3,1.3,3.8,34.4,1.8,2.1,83.8,7.5,3,0.4,0.5,1.8
Noah Williamson,C,32,27.2,12.3,4.6,9.2,49.5,0.8,2.3,32.9,2.5,3.8,64.2,6.4,1.2,0.3,1,2
Darius Brown II,G,35,36,12.3,4.3,9.7,44.6,1.8,4.6,39.8,1.8,2.1,86.5,4.3,6.5,1.5,0.2,1.9
Justice Williams,G,31,30.2,12.3,4.4,12,36.8,1.6,5.1,31.4,1.9,2.3,82.9,3,2.5,0.8,0.3,2.4
Nika Metskhvarishvili,F,28,28.5,12.3,4.6,10.9,42.5,0.9,3.6,25.7,2.1,3.1,67.8,5.8,2,1,0.6,2.5
Ishmael Leggett,G,32,28.6,12.3,4.4,10.3,42.7,1.1,3.2,34.3,2.5,2.9,85.9,5.5,1.9,1.3,0.2,1.3
Tre White,G,29,31.2,12.3,4.4,9.8,45.6,0.8,2.7,29.9,2.6,3.5,75.2,5.9,1.3,0.8,0.4,1.8
Ven-Allen Lubin,F,26,28.2,12.3,4.5,9.1,50,0.5,1.5,33.3,2.7,3.7,73.2,6.3,0.5,0.6,1,1.2
Marquel Sutton,F,33,31.8,12.3,4.9,10.1,48.5,0.4,1.5,28.6,2.1,3.4,62.5,6.3,0.8,0.9,0.3,1.8
Camian Shell,G,31,34,12.3,3.8,10.1,37.9,1.1,3.5,30.8,3.5,4.1,86.6,2.8,4.1,1.3,0.1,1.8
Alex Sobel,F,31,26,12.3,4.8,8.2,58.8,0,0,0,2.6,3.9,67.5,7.4,1.7,1.2,2.8,1.3
Eric Gaines,G,35,33.7,12.3,4.1,10.4,39.3,1.1,4.1,26.9,3,4,75,3.9,5.5,2.3,0.5,2.4
Quinn Slazinski,F,32,28.8,12.3,3.9,9.8,39.8,1.4,4.2,34.3,3,3.8,80.2,4.1,2.2,0.4,0.2,1.9
Bostyn Holt,G,32,31.3,12.3,4.5,9.9,45,0.6,1.4,39.1,2.8,4.1,67.9,4.5,3.1,0.5,0.2,2.1
Isaac McKneely,G,33,32.3,12.3,4.2,10.2,40.9,2.5,5.5,44.5,1.5,1.8,84.7,3,1.6,0.6,0.2,1
Kalil Thomas,G,34,31.9,12.3,4.1,9.1,44.4,3.1,7.2,42.9,1.1,1.2,85.7,4.3,1.4,0.7,0.1,1
Darius Beane,G,31,31.8,12.3,4.7,10.9,43.6,0.1,0.4,30.8,2.6,3.6,73.2,3.4,2.4,1.2,0.1,2.1
Alex Huibregtse,G,32,33.1,12.3,4.7,8.9,52.5,1.9,4.5,41.7,1.1,1.3,82.9,3.8,3.3,0.8,0.2,1.5
Mackenzie Mgbako,F,33,27,12.2,4,10.1,39.5,1.5,4.6,32.7,2.8,3.4,82.1,4.1,1.3,0.4,0.4,1.2
Mickey Pearson Jr.,F,29,34.7,12.2,3.7,8.6,43,1.4,4,35.9,3.4,4,85.3,5.1,0.8,0.6,0.3,1.1
Joe Toussaint,G,34,33.4,12.2,3.8,9.4,40,1,3.4,29.6,3.7,4.3,86.3,2.6,4.3,1.4,0,2.2
Tommie Lewis,G,30,29.5,12.2,4,9.7,41.1,2,5.9,34.5,2.2,3,73.3,4.2,2.3,1.7,0.6,1.8
Caleb Fields,G,35,32.3,12.2,3.9,9.2,43,0.9,2.7,32.3,3.5,5.4,64.2,3,5.8,0.8,0,2.3
Jabri Abdur-Rahim,G,29,26,12.2,3,8.3,36.1,2.1,6,35.6,4.1,4.6,88.7,3.5,0.3,0.8,0.3,1
Nick Davidson,F,34,28.9,12.2,4.4,8.1,54.5,0.8,2.6,29.2,2.6,3.4,75.7,7.3,1.4,0.7,0.7,1.3
Amari Kelly,F,31,28.5,12.2,4.5,8.2,54.9,0.8,1.9,42.4,2.4,3.1,76,6.3,1.1,0.5,1.3,2.3
Harrison Ingram,F,37,32.8,12.2,4.4,10.2,43,1.8,4.6,38.5,1.6,2.6,61.2,8.8,2.2,1.4,0.4,1.4
Javan Simmons,F,32,31,12.2,4.7,8.6,54,0.3,0.8,32,2.6,3.6,73.7,5,1.5,0.5,0.9,1.1
Jalen Bridges,F,35,31.8,12.2,4.1,8.8,46.6,2.1,5.1,41.2,1.9,2.3,82.3,5.7,1.4,1.1,0.6,1
Nique Clifford,G,36,30.3,12.2,4.6,8.9,52.2,1.1,3,37.6,1.8,2.3,75.9,7.6,3,1.4,0.9,1.8
Keeshawn Kellman,F,32,24.6,12.2,5,7.3,68.4,0,0.2,0,2.2,3.1,69,7,0.9,0.3,1.2,2
Amari Williams,C,32,22.9,12.2,4.3,8.4,51.7,0,0.1,33.3,3.4,5.3,65.5,7.8,1.9,0.8,1.8,2.4
Ethan Price,F,32,26,12.2,4.2,8.1,52.1,1.3,3.3,37.4,2.5,3.2,78.2,4,2.2,0.5,0.8,2.2
Max Rice,G,33,31.9,12.2,3.8,10.3,37.2,2.2,6.4,34.9,2.2,2.6,83.9,3.7,1.8,0.9,0,1.6
Isaiah Moses,G,33,29.8,12.2,4.1,10.3,39.9,1.6,4.8,32.9,2.3,2.8,84.6,2.9,3.8,0.9,0,2.2
Christian Shumate,F,34,28.6,12.1,4.9,8.7,56.1,0.3,1.1,23.1,2.1,4.6,46.5,9.5,0.9,0.9,1.4,1.4
Elijah Stephens,G,29,30.1,12.1,4.4,9.6,46,1.1,3.2,33,2.2,2.7,82.3,2.1,4.9,1.3,0.1,2.3
Alex Merkviladze,F,30,30.9,12.1,4.1,10,41,1.7,4.8,35.2,2.2,3,74.4,7.2,1.5,0.6,0.3,1.4
Blondeau Tchoukuiegno,G,32,31.3,12.1,3.9,9.3,42.6,0.8,3,27.1,3.4,5.2,65.9,2.9,3,1,0.1,2.1
Steven Verplancken,G,32,33,12.1,4.2,9.9,42.7,2.2,5.8,38.4,1.5,1.8,82.5,2.8,1.3,0.7,0,0.8
Airion Simmons,F,33,25,12.1,4.3,10.2,41.7,0.6,2.2,28.4,2.9,4.4,66.9,6.3,2.2,1.2,0.5,1.9
Jadon Jones,G,34,30.4,12.1,3.8,9.1,41.9,2.3,6,37.7,2.2,2.6,85.2,3.3,1.6,1.8,1,1.1
KJ Jenkins,G,31,25.7,12.1,4.2,10.3,41.2,2.7,7.4,37,0.9,1.1,82.4,2.4,0.9,0.9,0,0.7
Max Mackinnon,G,32,27,12.1,4.6,10.3,45,1.6,4.4,36.4,1.3,1.8,70.2,4.8,2.6,0.8,0.2,2.1
Sebastian Mack,G,33,26.8,12.1,3.7,9.6,38.7,0.8,3,28.3,3.8,5.2,72.7,3.6,1.6,1.3,0.1,1.6
Shemar Wilson,F,34,30.1,12.1,4,7.7,51.7,0.1,0.6,22.7,3.9,5.6,70.5,7.7,1.3,0.7,1.9,1.7
Coleman Hawkins,G,35,31.6,12.1,4.1,9.1,45.1,1.7,4.6,36.9,2.2,2.7,79.2,6.1,2.7,1.5,1.1,1.6
KiAndre Gaddy,F,35,28.1,12.1,4.9,8.8,55.8,0,0.1,0,2.3,3.5,64.8,6.8,1.1,1,1.5,1.5
Ante Brzovic,F,35,22.6,12.1,4.9,10.4,46.7,0.5,2.2,22.1,1.9,2.9,65.3,6.3,2.4,0.4,0.4,1.7
Duncan Powell,F,29,26.4,12.1,4.5,9.1,49.2,0.5,1.7,28.6,2.6,3.8,68.5,7,2,0.5,0.3,1.7
Frank Mitchell,F,31,28.9,12.1,5.2,9.3,56.1,0.1,0.3,33.3,1.6,3.7,43,11.6,1.5,0.7,0.9,2
AJ Clayton,F,33,26.2,12,4.2,8.4,49.6,2.2,5.5,40.1,1.5,1.8,81.4,4.7,0.8,0.5,1.8,1
Ja'Monta Black,G,35,35.8,12,3.8,9.4,40.4,3.2,8.2,39.5,1.2,1.6,75,3.6,0.8,1.1,0.1,0.5
Aboubacar Traore,F,36,30.9,12,4.1,8,51.7,0.1,0.6,8.7,3.7,5.6,66.5,8.4,4.5,1.5,1.4,2.6
Chris Bell,F,32,27.1,12,4.2,9.7,43.4,2.6,6.3,42,1,1.2,84.2,2.3,0.7,0.6,0.7,0.8
Terence Harcum,G,34,28.2,12,3.9,10.4,37.5,2.1,6,35.6,2,2.5,80.2,2.5,1,0.7,0.1,1
Braden Smith,G,39,34,12,4.4,10.1,44.1,1.4,3.3,43.1,1.7,2.1,79.5,5.8,7.5,1.6,0.1,2.7
Josh Scovens,F,32,31,12,4.4,10.9,40,1.4,4.3,32.1,1.9,2.8,66.7,5.4,1.9,0.7,1.1,1.8
TJ Long,G,35,28.4,12,4.1,9.6,42.6,2.2,6.1,36.3,1.6,2,81.2,4,1.4,1,0.4,1
Charlie Easley,G,34,33.2,12,4.1,9.1,45.6,2,5,39.4,1.7,1.9,89.2,5.4,2.3,2.1,0.1,1.2
DQ Nicholas,G,33,31,12,4.1,10.2,39.8,1.4,3.9,35.9,2.5,3.8,64.8,4,2.8,0.8,0.2,1.8
Isaiah Hill,G,32,35.9,12,4.3,11.2,38.5,1.6,5.1,30.7,1.8,2.2,81.4,3.4,6,1.3,0.1,2.3
AJ Braun,F,32,25.7,12,5.1,7.4,68.9,0,0,0,1.7,2.9,59.8,6.2,0.9,0.3,1.1,1.7
Tony Felder,G,30,29.3,12,4,11.4,35,2.2,7,31.1,1.8,2.5,73,3,2.8,1.3,0.1,2
Tana Kopa,G,29,32.3,12,4.2,11.3,37.6,2.1,6.4,33,1.4,1.7,83.3,3.9,1.1,0.8,0.6,1.7
Jordan Riley,G,33,29,11.9,4.4,10.2,43.2,0.6,2.4,25.6,2.5,3.5,70.7,6,1.1,1.1,0.8,1.7
Tytan Anderson,G,33,28.4,11.9,3.8,7.7,50.2,0.2,0.8,25,4,5.8,69.6,7.1,2,1.3,0.6,1.4
Caleb Kenney,F,33,27.1,11.9,5.3,9.2,57.6,0,0,0,1.4,2.4,58.2,6.5,1.4,0.8,2.2,1.8
Sean Moore,F,32,30.1,11.9,4.3,10.8,40.3,1.5,4.8,31.8,1.7,2.3,73.3,7.6,1.6,1,0.5,1.6
Raheem Anthony,G,32,29.6,11.9,3.9,8,49,1.1,2.5,44.3,3,4.1,72,4.8,3.3,1.4,0.1,2.5
Rob Martin,G,31,28.5,11.9,4.5,10.5,42.3,1.3,3.3,39.2,1.7,2,88.5,2.2,3.5,0.8,0,2.3
Brian Myles,F,30,29.5,11.9,4.8,8.5,55.9,0.2,0.7,35,2.2,3,71.4,9.3,1.2,1.4,1.1,1.7
Elias Cato,F,28,28.8,11.9,4.3,9.3,46.4,0.8,2,41.8,2.5,3.4,71.9,6.1,1,0.9,0.9,2
Noah Freidel,G,36,30.1,11.9,3.8,8.8,43.2,2.3,5.9,38.4,2.1,2.4,85.1,5.3,1.7,0.9,0.9,0.9
Ben Burnham,F,35,22.2,11.9,4.5,9.7,46.4,1.3,3.6,36.8,1.6,2.3,69.5,4.5,0.9,0.9,0.5,1
Lassina Traore,F,35,30.3,11.9,4.4,8.4,52.4,0,0.1,25,3.1,4.4,69.7,10.3,1.2,0.8,0.5,1.9
Rob Perry,G,32,30.3,11.9,4.5,11.3,39.9,1.3,4.6,29.5,1.6,2.1,73.5,5.1,2,1,0.3,1.3
Madison Durr,G,32,33.7,11.9,3.9,9,42.9,0.5,1.9,27.4,3.6,4.8,75.8,4.2,3.3,0.9,0.3,2.2
Grant Nelson,F,37,25.6,11.9,3.9,8,48.8,0.8,3,27.3,3.3,4.1,81.3,5.9,1.5,0.6,1.6,1.4
Zee Hamoda,G,34,29.1,11.9,4,10.2,39.6,1.9,5.6,34,1.9,2.4,78.3,4,1.7,1.2,0.3,2.6
Jan Zidek,F,33,21.5,11.9,3.9,8,48.3,1.4,4.1,34.6,2.7,3.3,82.4,3.4,1.2,0.3,0.1,1.1
Hosana Kitenge,F,33,26.3,11.9,4.7,8.4,56.2,0,0.1,33.3,2.5,3.9,63.3,6.5,1.9,1.2,0.9,1.6
Moses Wood,F,32,32.6,11.9,3.8,9.1,42.1,2.5,6.3,39.6,1.7,1.9,87.1,4.5,0.8,0.6,0.6,0.9
Darweshi Hunter,G,32,30.1,11.9,3.9,9.9,39.9,2,5.6,35.6,2,2.4,83.1,4.3,1.6,0.8,0.1,1
Drake Allen,G,30,29,11.9,4.5,10.1,44.4,0.5,2.3,23.2,2.4,3.8,63.2,3.4,4.3,1.5,0.4,2
Samuel Tabe,G,29,22.5,11.9,4.5,8.4,53.1,0,0.1,0,2.9,3.8,76.4,3.9,1.1,0.7,0,1.8
Tra'Michael Moton,G,36,29.4,11.9,4,9.9,40.1,1.3,3.4,37.1,2.6,3.3,80.5,2.9,2.7,1.7,0.1,2.2
Zach Cleveland,F,32,28.7,11.8,4.7,7.9,59.3,0,0.3,12.5,2.4,4.5,54.2,6.3,4,0.9,1.2,2.8
Dwon Odom,G,31,28.9,11.8,4.5,8.7,51.9,0.2,0.5,42.9,2.6,3.2,81,5,4.6,0.7,0.5,1.7
Kellen Amos,G,31,31.3,11.8,4,10.4,38.7,1.5,5.4,27.5,2.3,3.1,74.7,5.2,2.3,1.1,1.1,1.9
Justin Bailey,G,30,28.7,11.8,3.8,9.1,41.5,1.4,4.4,31.3,2.9,3.9,74.6,3.3,1.1,1.4,0.1,1.3
Seydou Traore,F,28,32.4,11.8,4.7,10.9,43.3,0.8,3.2,25.6,1.6,2,80,8.2,2.3,1.5,1.3,1.8
Freddy Hicks,G,28,25.5,11.8,3.8,9.1,41.8,0.6,2.4,25.4,3.5,4.8,73.3,5.4,2.1,0.8,0.6,2
Tayton Conerway,G,32,20,11.8,3.9,8.2,47.5,0.8,2.6,32.9,3.1,4.4,70.9,2.8,2.5,2.1,0.3,2.3
Zakai Zeigler,G,36,31.6,11.8,3.7,9.5,39.3,2,5.8,34.4,2.3,3.3,70.6,2.8,6.1,1.7,0.1,2.2
Simas Lukosius,G,35,30.1,11.8,3.9,9.8,39.2,2.6,6.7,38.5,1.5,1.8,82.5,3.1,2.9,0.5,0.2,2
Mitchell Saxen,C,34,28.2,11.8,4.6,8.4,54.4,0,0,0,2.6,4.3,61.2,7.6,1.5,0.7,1.3,1.6
Hunter Jack Madden,G,34,32.6,11.8,3.5,8.8,39.3,1.9,4.8,38.9,3,3.7,80.8,3,2,1.1,0,1.6
Maleek Arington,G,34,37.3,11.8,3.6,8.8,40.3,0.6,2.4,25.9,4,5.5,72.9,3.4,4.8,2.3,0.1,2.4
Dillon Bailey,G,32,27.2,11.8,3.7,8.6,42.4,2,5.6,35.6,2.4,3.4,72.2,2.3,1.5,0.5,0,1.5
Jaxson Baker,F,31,30.2,11.7,3.9,9.5,41.6,2.1,5.9,35.9,1.7,2.2,80.6,6.6,0.7,1.1,0.7,0.8
Bernardo da Silva,F,34,26.8,11.7,4.4,7.4,60.4,0,0,0,2.9,5.6,51.3,7,1.2,0.6,0.8,1.2
Nate Santos,F,33,33.5,11.7,3.9,8.3,47.1,1.5,3.7,41.8,2.4,3.2,75,6.3,1.5,0.7,0.2,1.4
Brock Wisne,F,33,26.7,11.7,4.8,7.8,61.6,0.2,0.7,33.3,1.8,2.5,74.4,4.3,1.5,0.7,0.3,1.5
Caleb Stone-Carrawell,F,32,27.7,11.7,4.3,10.8,39.7,1.3,3.9,33.9,1.8,2.6,70.2,3.4,1.6,0.3,0.2,1.6
Brandon Rush,G,32,26.5,11.7,4.1,10.5,38.6,2.3,7.2,32.2,1.3,1.5,83.7,4.1,0.7,1.1,0.3,1.1
Lance Jones,G,39,28.6,11.7,3.9,9.6,41.3,2.1,5.7,35.7,1.8,2.4,74.2,2.7,1.9,1.3,0.2,1.5
Spencer Jones,F,25,29,11.7,4,9,43.8,2.2,5.3,40.9,1.6,2.5,64.5,4.1,2,1.4,0.8,1.3
Trey Robinson,G,33,31.3,11.7,4.3,9.7,43.9,0.6,2.5,22.9,2.5,3.8,67.2,7,1.9,1.8,0.3,1.9
Luke Appel,F,35,26.2,11.7,4.6,8.8,52.1,0.5,1.2,41.9,1.9,3.1,62.4,4.5,1.6,0.3,0.1,2
Brendan Wenzel,G,31,35.5,11.6,3.6,9,40.5,2,5.4,37.7,2.3,2.9,80.9,5.1,1.5,0.8,0.2,1.2
Aubin Gateretse,C,35,24.2,11.6,4.7,6.5,71.2,0,0.1,50,2.3,3.7,62,7.6,0.8,0.5,1.5,1.7
Juwan Gary,F,28,27.1,11.6,4.4,8.8,49.8,0.9,3,30.6,2,2.9,67.9,6.1,1.3,1.1,0.8,0.7
DeAntoni Gordon,F,33,30.8,11.6,4.9,9.4,52.1,0.3,0.9,34.5,1.5,2.3,68,4.7,1.3,0.8,0.8,1.4
J'Vonne Hadley,G,36,34.3,11.6,3.9,7.3,53.8,0.6,1.3,41.7,3.2,3.8,83.9,6,2.4,1.2,0.3,1.3
Jordan Dingle,G,31,25,11.6,4.4,10,44,1.5,4.8,31.1,1.3,1.8,74.5,2,1.7,0.8,0.1,1.3
Devon Ellis,F,26,26.6,11.6,4.5,9,49.8,0.2,0.8,25,2.5,3.5,69.6,4.4,0.7,0.7,0.4,1.7
Mark Mitchell,G,33,28.7,11.6,4.1,7.6,54,0.3,1.2,27.5,3,4.8,62.3,6,1.1,0.8,0.7,1.2
Matt Knowling,F,28,28.2,11.6,5,8.8,56.7,0,0.3,14.3,1.6,2.6,60.8,4.9,2.6,0.5,0.3,0.9
DJ Campbell,G,32,29.5,11.6,4.6,8.6,52.9,0.8,1.9,41,1.7,2.3,72.6,3.7,1.5,0.7,0.2,1.3
Dischon Thomas,F,36,27.8,11.6,4,8.7,45.8,1.6,3.9,40.8,2,2.5,79.1,5.4,1.6,0.6,1,1.3
Lazar Stefanovic,G,33,34.6,11.5,3.7,9.6,38.5,1.8,4.5,38.9,2.4,2.8,86.8,6.1,1.6,1.1,0.1,1.1
Chris Pryor,G,33,27.3,11.5,3.8,8.9,43.1,1.9,4.8,39.2,2,2.4,82.3,2.4,3.6,1.4,0.1,1.5
Trey Thomas,G,28,32.8,11.5,3.5,9.9,35.4,2.1,6.5,31.7,2.5,3,83.1,2.7,2.4,1.2,0.1,1.3
Cormac Ryan,G,36,30.3,11.5,3.6,9.3,38.2,2.1,5.9,35.4,2.3,2.6,87.4,2.8,1.2,0.7,0.4,1.2
Allen Betrand,G,34,24,11.5,4.1,8.8,46.7,1.1,3.1,37.5,2.1,2.5,84.7,2.8,1.2,0.8,0.2,1.4
Keshad Johnson,F,36,27.6,11.5,4.2,7.9,53,1,2.6,38.7,2.1,3,71,5.9,1.8,1,0.7,1.6
Darius Hannah,F,35,26,11.5,4.9,8,61.2,0,0.2,14.3,1.6,2.5,64.8,6.3,1.9,1.3,1.2,2
Xavier DuSell,G,33,32.2,11.5,3.8,8.9,42.3,2.7,6.8,39.5,1.3,1.6,82.7,2.1,0.5,0.6,0.1,0.7
Tanner Christensen,C,31,30.2,11.5,4.3,7.6,56.4,0.2,1.1,17.6,2.7,4.5,60,6.8,2,0.5,1.5,2.2
Braxton Bayless,G,29,25.6,11.5,4.3,8.4,50.6,0.3,0.8,45.5,2.6,3.2,81.5,2.1,2.5,1.1,0.1,2.2
Dominic Parolin,F,28,25.2,11.5,4.3,9.4,45.5,0.9,2.8,32.9,2,2.4,80.9,6.3,1.6,0.5,0.7,1.3
BJ McLaurin,F,33,25.2,11.5,3.8,8.9,42.2,1.5,4.4,34.5,2.4,3.1,78.4,5.9,1.1,0.5,0.2,0.9
A.J. Staton-McCray,G,31,21.3,11.5,4,9,44.2,1.2,3,41.3,2.3,2.7,83.5,4.5,1.3,1.6,0.5,1.6
Nazir Williams,G,29,24.9,11.4,4,8.8,45.3,1.3,3.9,33.3,2.2,2.8,80,3.8,3.2,0.6,0,2
Drew Lowder,G,36,30.3,11.4,4,12.1,33.3,2.2,6.9,32.4,1.2,1.5,79.2,2.6,2.9,1.4,0.1,1.3
Keonte Jones,F,34,29.4,11.4,4.1,7.7,53.6,0.4,1.2,33.3,2.7,4.2,64.6,6.9,2.2,1.6,1.5,1.9
Josh Pierre-Louis,G,30,30.4,11.4,4.5,8.5,53.1,0.6,1.6,35.4,1.9,2.8,66.7,4.8,3.2,1.5,0.3,2.9
Max Allen II,C,28,22.4,11.4,4.5,8.8,51.8,0.1,0.5,20,2.3,3.4,65.6,3.8,1.9,0.6,0.3,1.8
Tedrick Wilcox,G,33,30.8,11.4,4,10,40.2,1.6,5.2,31.6,1.7,2,86.4,4,1.8,1.2,0.1,2
Zeb Jackson,G,36,29.7,11.4,3.9,10.1,38.7,1.6,5.3,30,2.1,2.5,83.1,4.4,3.3,1.4,0.2,1.8
Jonas Aidoo,F,36,24.7,11.4,4.8,9.3,51.5,0.1,0.4,20,1.7,2.8,62.6,7.3,1,0.7,1.8,1
Will Richard,G,36,29.4,11.4,3.7,9.1,41.1,1.9,5.6,34.5,2,2.5,80.2,3.9,1.3,0.9,0.5,1.3
Kalib Boone,F,32,23.3,11.4,4.6,7.8,59,0,0,0,2.2,3.2,69.6,5.2,1.3,1.1,1.6,1.9
Brian Taylor,G,32,35.1,11.4,4.4,10,44.2,0.7,2.9,22.8,1.9,2.6,75.6,8.1,1.5,0.9,1.2,1.4
Tibet Gorener,F,32,33.4,11.4,4,10.1,39.5,2,5.8,33.9,1.4,2,73,3.9,0.8,0.5,0.3,1.1
Darrion Williams,F,33,32.6,11.4,4,8,49.4,1.3,2.9,45.8,2.1,2.4,87.5,7.5,2.5,1.2,0.3,1.6
C.J. Jones,G,33,33.4,11.4,4.5,10.7,42.5,0.9,2.5,37.8,1.4,2.2,61.6,3.5,4.8,0.9,0.4,2.8
Kylan Blackmon,G,31,33.3,11.4,3.5,8.8,39.6,1.8,5.1,35.8,2.6,3.8,67.2,3.1,1.6,1.2,0.2,1.3
Darnell Brodie,F,34,25.2,11.4,4.7,7.5,62.5,0,0,0,2,3,65,7.9,1.9,0.6,0.6,1.9
Michael Imariagbe,F,29,28.3,11.4,4.5,8.4,53.1,0.1,0.4,18.2,2.3,4.2,55.7,8.5,1,0.6,1,2.3
Bryan Antoine,G,32,29.5,11.4,3.6,9.1,39.7,1.7,4.3,39.9,2.5,2.8,88.8,3.6,1.7,1.4,0.7,1.2
Ezra Ausar,F,32,26.3,11.4,3.6,6.9,51.4,0.2,0.5,37.5,4.1,6.2,65.3,4.7,1,0.8,0.5,2.1
Otega Oweh,G,32,24.8,11.4,4.3,8.6,49.3,0.6,1.7,37.7,2.3,3.5,64.3,3.8,1,1.5,0.4,1.8
Daniel Rouzan,F,27,29.6,11.4,5,9.5,52.7,0,0,0,1.4,2.1,63.8,4.6,1.8,0.4,0.6,1.5
Dishon Jackson,C,30,26.4,11.4,4.4,8,54.4,0.1,0.5,13.3,2.6,3.6,72,6.1,1.7,0.6,0.9,1.3
Byron Ireland,G,28,29.6,11.4,4,9.3,43.2,0.9,2.7,31.6,2.5,3.2,78.7,4,2.2,1.4,0.1,2.3
DJ Richards Jr.,G,34,25.5,11.4,3.6,7.7,46.6,2.4,5.4,45.1,1.7,2.2,79.7,2.2,0.7,1,0.1,0.5
Darin Green Jr.,G,32,30,11.3,4.1,10,40.6,2.4,6.4,38,0.8,1.1,71.4,3,1,1.4,0.1,1.1
Nick Ellington,F,32,27.4,11.3,4.8,8.1,58.8,0,0,0,1.8,3.5,51.4,6.3,0.7,0.8,1.5,1.8
Jaeden Zackery,G,36,33.8,11.3,4.3,8.8,48.4,0.9,2.2,40.5,1.9,2.4,82.4,3.3,4.2,1.8,0.1,2
Francis Nwaokorie,F,33,31.4,11.3,3.7,8.2,45.6,1.5,4.5,34,2.3,2.9,79.4,5.5,0.9,0.7,0.7,1.5
Johnathan Massie,G,34,25.4,11.3,3.6,9.6,37.4,1.1,3.1,34.6,3.1,4.4,68.9,5.2,1.8,1.2,0.4,1.6
Christian Cook,G,32,30,11.3,3.8,9.5,40.3,1.8,5.3,35.1,1.8,2.1,83.8,2.6,1.1,0.7,0.3,0.7
Joe Charles,F,33,33.6,11.3,4.2,9.5,44.2,1.6,4.7,34,1.3,1.7,78.6,9.6,1.1,1.8,1.1,1.3
Cam Christie,G,33,30.2,11.3,3.8,9.4,40.3,2.1,5.4,39.1,1.6,2,79.1,3.6,2.2,0.6,0.3,1.2
Mason Falslev,G,34,28,11.3,4.6,8.3,56.2,0.7,2.4,30.5,1.3,2,64.2,4.4,2.4,1.3,0.3,1.4
Kiree Huie,F,34,26.9,11.3,4.9,9.1,53.6,0,0.1,0,1.6,2.7,58.7,5.8,0.7,0.6,1.2,1.7
Myles Rigsby,F,31,25.9,11.3,3.2,7.2,44.1,0.7,1.8,41.1,4.2,5.1,82.4,4.3,1.5,1.6,0.4,1.5
Posh Alexander,G,32,31.9,11.3,4,9.3,43.2,0.9,2.8,33.3,2.3,3,78.1,4.6,4.9,2.2,0.1,2.8
Joey Reilly,G,32,28.4,11.3,4.2,8.1,51.6,1.7,4.2,40.6,1.3,1.6,80.4,1.3,2,1.3,0.1,1
Christian Tucker,G,32,33.5,11.3,3.2,7.8,41,1,3.2,30.4,3.9,4.5,87.5,2.9,5.4,1.1,0.3,2.1
Aamer Muhammad,G,32,25,11.3,3.7,9.4,39.3,1.5,4.4,34.5,2.4,2.9,80.9,2.8,2.1,1.1,0.1,1.8
Cam Morris III,F,32,24.4,11.3,4.2,7.4,56.3,0.4,1.1,38.9,2.5,3.8,65.8,6.3,0.8,0.6,0.9,1.7
Byron Joshua,G,29,29.7,11.3,3.7,10.5,34.9,0.6,2.4,23.2,3.4,4.3,78.6,3.8,4.2,1.1,0.1,2.9
Shamir Bogues,G,29,27.9,11.3,4.8,9.3,51.3,0.3,1.4,23.8,1.4,2.3,61.2,5.2,2.6,1.9,0.4,1.6
Jaden Campbell,G,33,22.9,11.3,3.6,6.8,53.6,1.7,3.5,47.9,2.3,2.8,81.7,3.2,1,0.9,0.5,1
Latrell Reid,G,33,32.8,11.3,3.8,10.4,36.8,0.5,1.4,34,3.2,4.8,65.4,4.4,4.5,0.9,0.1,2.7
Xavier Bell,G,34,30.3,11.3,4.4,10.2,43.6,0.5,1.8,29,1.9,2.5,73.3,3.2,2.4,1.1,0.2,2.4
Kasen Harrison,G,31,31.6,11.3,3.6,8.5,42,0.9,3,30.4,3.2,4.2,75.6,3,3.8,1.2,0.1,2
Michael Christmas,F,35,27.3,11.3,3.9,8.9,44.4,1.1,2.8,39.8,2.3,2.9,77.5,6.1,0.9,0.5,0.2,1.5
Kevin Overton,G,35,30,11.3,3.9,8.8,44,1.8,5.1,34.6,1.8,2.2,79.5,3.3,1.1,0.6,0.2,0.5
Giovanni Emejuru,F,32,26.8,11.3,4.1,7.2,56.8,0,0,0,3.1,5.2,59.9,6.3,0.6,0.8,0.6,1.7
Zid Powell,G,34,26.4,11.2,3.6,8.9,39.9,0.6,2.4,27.2,3.5,4.7,73.3,5,3.1,1.8,0.3,2.8
Armon Harried,G,30,31.8,11.2,3.9,9.3,42.1,0.5,1.5,33.3,2.9,4.3,66.7,5.7,2.7,0.7,0.5,2.1
Donovan Atwell,G,32,29.2,11.2,3.7,8.7,41.9,2.8,6.6,42,1.1,1.2,94.7,2.8,0.6,0.8,0.1,0.7
Ahmad Henderson II,G,32,25.9,11.2,3.8,10.4,36.6,1.2,4.1,29.5,2.4,2.8,84.4,2.4,1.9,0.7,0,1.3
Donta Scott,F,33,30.2,11.2,3.8,9.2,40.7,1.6,4.8,33.5,2.1,2.6,81.2,4.7,1.1,0.7,0.5,1.3
Jameer Nelson Jr.,G,34,24.9,11.2,3.8,8.7,43.4,1,3.2,30.6,2.6,3.6,73.8,2.6,3.3,2.1,0.4,2.3
Jalon Moore,F,31,25.6,11.2,3.9,7.5,51.7,0.8,2,41,2.6,3.5,73.4,6.7,0.5,0.6,1,1.6
Isaiah Bigelow,F,33,26.4,11.2,3.8,8.8,43.8,1.5,3.9,37.2,2,2.5,80.7,6.5,0.7,0.9,0.3,0.8
Efrem Johnson,G,34,30.9,11.2,3.8,8.9,42.9,1.6,4.6,35.9,1.9,2.3,82.1,2.3,1.7,0.4,0.2,1.3
Jayden Taylor,G,41,27.4,11.2,3.5,8.4,41.3,1.6,4.3,36.4,2.6,3.5,75.5,3.6,1.3,1.1,0.5,1.5
Steven Crowl,F,36,29,11.2,4.3,7.8,55.6,0.7,1.6,44.8,1.8,2.5,74.2,7.3,2.1,0.3,0.5,1.7
Rylan Griffen,G,36,26.3,11.2,3.7,8.1,45.4,2.1,5.3,39.2,1.8,2.2,81,3.4,1.9,0.5,0.3,1.4
Quentin Millora-Brown,F,32,32.4,11.2,4.4,7.5,59.4,0.1,0.6,15,2.2,4,54.7,9.4,2,0.7,1.5,1.7
Javohn Garcia,G,32,26.8,11.2,3.8,8.2,46.2,1.3,2.8,44.4,2.3,3.1,75,3.3,1.7,1.3,0.4,0.8
Harlond Beverly,G,33,30.3,11.2,4.5,10.1,44.3,0.5,2,25.8,1.7,2.6,65.5,5.1,3.1,1.4,0.4,2.6
Alejandro Vasquez,G,34,23,11.1,3.9,8.8,44,1.2,3.1,39.4,2.2,2.8,80.9,3.4,1.1,0.6,0.3,1.2
Steven Ashworth,G,35,31.7,11.1,3.5,8.8,39.4,2.3,6.5,34.9,1.9,2.1,90.7,3.3,4.2,0.5,0,1.5
Tyreke Locure,G,30,29.3,11.1,3.5,9.9,35,1.6,4.5,35.3,2.6,4,64.5,4,3.2,1.9,0.1,2
Will Johnston,G,31,28.9,11.1,3.8,9.5,40.1,2.1,5.5,37.8,1.4,1.7,81.5,2.5,2.7,0.6,0,1.4
Julius Mims,F,32,27.6,11.1,4.7,7.4,63.3,0.6,1.7,33.3,1.2,2.1,55.9,7.2,1,1.1,1.5,1.4
Toby Okani,G,33,32.4,11.1,4.2,10.7,39.4,1,3.1,32,1.7,3,57.1,6.8,1.9,1.5,2,2.6
Bez Mbeng,G,33,32.4,11.1,4,9.4,42.1,1,4,25.2,2.2,3.2,68.6,4.2,4.1,1.9,0.3,1.8
Issa Muhammad,F,28,29.5,11.1,4.6,9,51,0.1,0.5,26.7,1.8,2.8,62,9.4,1.8,0.9,0.8,1.7
Justin Wright,G,29,26.4,11.1,4.2,8.7,49,0.6,1.8,30.8,2.1,2.6,81.1,3.4,1.9,0.5,0.1,1.3
Casey Morsell,G,41,32.6,11.1,3.9,9.6,40.6,0.9,3.3,27,2.4,3,80.6,2.8,1.6,1.1,0.5,0.9
Koren Johnson,G,31,24.2,11.1,4,9,44.1,1.3,3.5,37.3,1.8,2.5,72.2,2.2,2.7,1.2,0.3,1.4
Nick Honor,G,32,31.5,11.1,3.4,9.7,35.4,2.3,6.3,36.5,1.9,2.3,86.1,1.2,1.7,0.9,0.1,1.3
Koby Brea,G,33,29.1,11.1,3.8,7.5,51.2,3,6.1,49.8,0.4,0.5,87.5,3.8,1.2,0.5,0.3,0.7
Tyrese Hunter,G,33,32.2,11.1,4.1,9.1,45.2,1.1,3.2,34.3,1.8,2.5,71.6,2.9,4.1,1.3,0.2,2.7
Jaxon Brenchley,G,34,29.2,11.1,3.8,7.4,51.2,0.9,2.1,41.4,2.6,3.6,73.2,5.6,2.8,1.2,0.4,1
Stephon Castle,G,34,26.9,11.1,4,8.5,47.2,0.6,2.2,26.7,2.4,3.2,75.5,4.7,2.9,0.8,0.5,1.5
Nakyel Shelton,G,29,26.9,11,4,9.6,41.9,1.3,3.9,33.9,1.7,2.1,77.4,4.4,1.9,0.4,0.3,1.6
Jamiya Neal,G,32,32.8,11,4.2,10.2,41.5,1.2,4.4,27.5,1.4,2.1,66.7,5.4,1.8,1.1,0.4,1.1
Will Baker,F,33,23.6,11,4,8,50.2,0.8,2.1,35.7,2.2,3.1,72.3,4.8,0.8,0.3,0.6,1.8
Keegan Records,F,33,25.5,11,4.5,8,56.7,0.2,0.6,23.8,1.8,2.5,73.5,6.2,1.2,0.6,1.2,1.2
Jared Coleman-Jones,F,33,28.1,11,3.8,8.5,45.2,0.6,1.3,44.2,2.8,3.6,77.1,7.6,2.3,0.6,1.1,3.2
Paul Otieno,F,34,27.1,11,4.6,7.2,63.8,0.1,0.2,33.3,1.7,2.6,67.8,6.9,0.5,1.2,1,1.2
Aaron Deloney,G,35,26,11,3.8,9,42.5,1.6,4.7,33.7,1.8,2.2,81.6,2.6,3,0.4,0,1.1
Cameron Brown,G,35,32.3,11,4.1,9.8,41.5,2.3,6.4,36.8,0.6,0.8,69,4.1,1.3,1.1,0.2,0.9
Curtis Jones,G,37,26.9,11,3.8,9.7,39,2,5.6,35.1,1.5,1.8,80.9,2.9,2,1.4,0.1,0.8
Julian Larry,G,39,34.4,11,3.7,7.1,52.5,1.1,2.3,46.2,2.5,3.2,78,2.8,4.8,1.5,0.1,2.1
Aaron Scott,G,34,30.3,11,4,9.6,41.9,1.3,3.5,37,1.6,2.1,78.9,5.6,1.8,1.1,1.3,1.5
Joshua Petion,G,1,23,11,5,9,55.6,0,2,0,1,2,50,6,0,1,0,3
Johnny O'Neil,F,33,25.7,11,4.2,9.5,43.5,1.6,4.9,32.5,1.1,1.6,66,5.5,1.6,0.8,0.8,1.4
Noah Carter,F,32,26,11,3.8,9.4,40.1,1.2,4.1,28.8,2.2,2.8,79.8,4.8,1.4,0.8,0.8,1.2
David Thomas,G,31,22.8,11,4.4,9.7,45.2,1.1,2.8,40.2,1.1,1.5,71.7,2.4,2.3,0.6,0.1,1
Bryce Monroe,G,30,30.1,11,4.1,10.4,39.3,0.6,2.3,27.9,2.1,2.7,80,2,2.6,0.9,0,2.3
Jaron Rillie,G,28,34.2,11,4.1,8.8,46.9,0.9,2.6,34.2,1.9,2.6,71.2,4.1,4.6,1.1,0.2,2
Micah Peavy,G,34,29.2,10.9,4.3,9.4,45.8,0.8,2.6,31,1.5,2.5,60.7,4.9,2.6,1.3,0.2,1.7
Lynn Greer III,G,32,29.7,10.9,3.8,8.6,44.7,0.4,1.4,30.4,2.8,3.7,76.9,4.7,3.7,1,0.1,2.4
Fousseyni Traore,C,26,18.3,10.9,4.3,6.9,62.6,0.1,0.1,66.7,2.2,3.1,71.6,5.2,1.3,0.6,0.8,1.7
Chico Carter Jr.,G,25,33.6,10.9,3.9,9.8,39.4,1.6,4.4,35.8,1.6,2.1,76.9,2.8,3.7,0.7,0.3,2.2
Sam Brown,G,25,29.8,10.9,3.5,8.1,43.3,2.4,5.6,43.3,1.4,1.7,83.7,2.9,1.9,0.5,0.2,1.2
Milan Momcilovic,F,37,30.2,10.9,3.9,9.2,42.4,1.6,4.6,35.9,1.5,1.8,80.9,3.1,1.2,0.5,0.4,0.8
Keenan Fitzmorris,C,35,24.7,10.9,3.9,7.7,50.9,0.3,0.8,33.3,2.8,3.7,76.7,4.4,1,0.3,1.1,1.4
Dexter Akanno,G,30,28.6,10.9,3.5,8.9,39,1.3,3.9,32.5,2.7,3.8,70.4,2.9,1.3,0.9,0.2,1.6
Charles Pride,G,30,30.2,10.9,3.6,8.3,44,1.4,3.5,40,2.2,2.7,82.7,5.7,1.6,1.2,0.1,0.7
Kobe Johnson,G,31,31,10.9,4.1,10.1,40.4,1.3,4.1,31.3,1.5,2,72.6,4.6,3.3,2.2,0.8,2.1
Trey Anderson,F,29,31.6,10.9,4.2,8.9,46.7,1.3,3.7,36.4,1.2,1.5,77.3,4.4,1.2,0.4,0.6,0.7
CJ Noland,G,29,26.1,10.9,3.8,8.8,43.7,1.1,3,38.4,2.1,3,69,2.8,2,1,0.2,1.8
Yacine Toumi,F,33,25,10.8,4.5,8.4,54.3,0.2,0.8,21.4,1.6,2.7,58.4,6.5,1.5,0.7,0.5,2.2
Daylen Williams,F,31,33.6,10.8,3.3,7.3,45.6,0.4,1.4,25.6,3.8,5,76.8,7.2,2.5,1.3,0.5,2.4
David Joplin,F,37,27.7,10.8,3.8,9.2,41.3,1.9,5.5,35.5,1.3,1.9,68.1,3.9,0.6,0.8,0.9,1.2
Christian May,G,34,29.9,10.8,3.8,9.8,38.9,1.9,5.4,34.1,1.4,2.2,61.8,4.1,1,0.5,0.2,1.6
Chance McMillian,G,33,27.8,10.8,3.8,8,47.5,2,5.1,38.7,1.2,1.3,90.9,4,1.2,0.7,0.2,0.7
Miles Brewster,G,33,26.9,10.8,3.6,8.4,43.2,1.5,3.7,40.7,2,2.8,71.3,3.8,3.3,1.5,0.2,1.4
Jeremiah Quigley,G,33,27.9,10.8,3.7,9,41.4,0.5,1.5,33.3,2.8,3.7,77,3.3,3.3,0.8,0.1,1.7
Elvin Edmonds IV,G,27,34.4,10.8,3.9,9.3,41.6,1.1,4,28.4,2,2.6,76.8,3.4,4.4,1.4,0.1,2.5
Dane Erikstrup,F,32,18.9,10.8,3.5,8,43.2,1.2,3.6,34.2,2.7,3,87.6,3.3,1.6,0.8,0.5,1.4
Braden Housley,G,31,34.6,10.8,3.7,9.7,37.7,1.3,4.9,27.2,2.1,3.4,62.9,3.5,3.6,1.6,0.4,2.3
Eli Wilborn,F,30,25.6,10.8,4.1,7.5,54,0,0.2,16.7,2.6,4.7,56,7.4,1.7,0.8,1.6,1.9
Sam Alexis,F,33,26.4,10.8,4.5,8.2,55,0.4,1.6,26.9,1.3,2.8,48.4,9.1,1.8,0.3,2.1,1.8
Michael Jones,G,32,30.4,10.8,3.7,7.3,50,1.8,4.2,41.8,1.7,2.4,71.4,2.6,2.1,0.9,0.1,1.1
Dallion Johnson,G,32,29.2,10.8,3.9,9.6,40.3,2.5,6.3,39.1,0.6,0.7,81.8,3.2,1,0.8,0,0.7
Laurynas Vaistaras,F,32,25.5,10.8,4.1,7.6,54.3,0.9,2.1,42.4,1.7,2.3,70.7,4.3,3.1,1.2,0.2,1.4
Blaise Threatt,G,32,24.1,10.8,4.2,7.7,54.9,0.6,1.7,35.2,1.8,2.5,70,3.5,2.1,1.1,0,1.4
Bo Montgomery,G,26,31.2,10.8,3.8,9.3,41.1,1.2,3,39.7,2,2.8,68.9,4.7,2.7,0.6,0.2,2.7
Makaih Williams,G,34,24.4,10.8,3.3,7.5,44.5,1.3,2.8,45.3,2.9,3.8,75.8,2.9,2.8,0.9,0.2,2.9
Nick Spinoso,F,29,28.3,10.8,4.6,9,51,0.1,0.6,11.8,1.5,3.2,47.3,7.9,3.7,0.7,1,2.7
Kyle Rose,G,33,28.5,10.8,3.6,8.4,42.8,2.1,5.2,39.8,1.5,2.3,64.5,4.8,2.3,2.1,0.4,1.5
Nate Martin,F,33,31.7,10.8,4.1,7.2,57.4,0,0,0,2.5,3.6,69.7,10.1,2.8,0.7,1.3,1.5
Rasheer Fleming,F,35,26.8,10.7,4,7.6,52.8,1,3,32.4,1.7,2.8,61.2,7.4,0.8,0.8,1.5,1
Derrick Butler,G,31,28,10.7,3.7,9,41.7,1.7,4,41.6,1.6,2.2,73.1,4.2,0.7,0.7,0.2,1
Yves Missi,C,34,23,10.7,4.1,6.7,61.4,0,0,0,2.5,4.1,61.6,5.6,0.4,0.6,1.5,1.1
James Dent Jr.,G,33,26.4,10.7,3.1,9.7,31.9,1.5,5.1,29.9,3,4.2,72.5,3.9,1.7,0.8,0.2,1.7
Brody Peebles,G,32,21.3,10.7,4,8.8,45.4,1.4,4.2,33.6,1.3,1.5,87.5,1.9,0.7,0.3,0,0.8
Damari Wheeler-Thomas,G,32,33.9,10.7,3.9,8.7,45.1,0.8,2,36.9,2.2,2.6,83.1,2.3,2.5,0.6,0,1.6
Chance Moore,G,31,26.8,10.7,3.7,9,41.2,1.4,4.8,29.5,1.9,3,61.7,5.3,0.5,0.7,0.9,0.8
Tre Mitchell,C,27,30.2,10.7,3.8,7.9,48.4,0.9,3,30.5,2.1,2.9,74.4,7.2,2.6,0.7,1,1.4
AJ Hoggard,G,35,28.7,10.7,3.8,9.3,40.7,0.7,2.1,34.7,2.4,3.1,78.7,3.1,5.2,1.4,0.3,1.8
Luis Rodriguez,G,31,32.1,10.7,3.7,9,41.1,1.3,4.1,31,2,2.6,77.5,6.6,1.5,1.6,0.4,1.1
Josh Pascarelli,G,31,27.2,10.7,4.1,9.3,43.8,2,5.3,37.8,0.5,0.8,65.4,3,1.4,0.2,0.1,1.3
Alec Oglesby,G,34,33.8,10.7,3.5,8.3,42,2.2,5.5,40.3,1.5,1.7,84.7,4.4,1.2,0.6,0.3,1
Beon Riley,G,24,28.5,10.7,3.7,7.5,49.7,0.5,1.3,40.6,2.7,3.3,81.3,5.5,1.8,1,0.1,1.5
BB Knight,G,33,22.5,10.7,3.2,7.8,40.6,2,5.4,37.1,2.4,2.7,87.6,2,0.8,0.5,0.1,1.5
Jack Collins,G,33,34.5,10.7,3.7,9,41.2,2,6.3,31.7,1.3,1.9,65.6,6.5,2.2,1.3,0.4,1.3
Femi Odukale,G,26,28.7,10.7,3.8,8.7,43.2,0.5,1.6,31,2.6,5.3,49.6,6.4,3,1.1,1,2.2
Rodney Johnson Jr.,F,26,26.8,10.7,4.5,9.7,45.8,0.6,2.4,25.8,1.1,1.3,82.9,5.1,0.7,0.4,1,1.3
Eddie Lampkin Jr.,C,37,27.8,10.6,4.3,7.4,57.9,0,0,0,2.1,3.2,66.1,7,2.2,0.3,0.1,2.6
Otis Frazier III,F,34,27.5,10.6,3.6,7.5,48.8,0.7,2.4,28.7,2.7,4.1,65.5,4.7,1.8,2.2,0.3,1.2
Owen Freeman,F,34,22.8,10.6,4.3,6.9,61.4,0,0.1,0,2.1,3.2,66.1,6.6,1.2,0.9,1.8,1.1
Trevin Knell,G,33,24.2,10.6,3.5,7.7,45.3,2,5.3,38.5,1.6,2.1,77.1,3.4,1.3,0.6,0.1,0.6
Kendall Blue,G,33,28.1,10.6,4.1,8.2,49.6,1.2,3.8,32,1.3,2,66.2,4.1,1.6,0.8,0.3,1
Jake Kyman,G,32,27.3,10.6,3.6,8.4,42.8,2.1,5.2,40.6,1.3,1.6,82.7,2.6,2.1,0.5,0.2,1.1
Fletcher Abee,G,34,28.2,10.6,3.5,8.6,40.9,2.2,5.4,40.8,1.4,1.5,96,1.6,1.3,0.5,0.1,0.8
Tyler Wahl,F,36,28.4,10.6,4.1,7.6,53.5,0.1,0.4,18.8,2.4,3.7,65.9,5.4,1.9,1.1,0.6,1.7
Jo'el Emanuel,F,32,29.7,10.6,3.3,7.4,45.3,0.4,1.7,26.4,3.5,5.2,66.9,5.2,1.8,1,0.2,1.8
AJ George,G,36,28,10.6,4,7.6,53.3,0.3,0.9,34.4,2.2,3.1,72.1,4.1,1.5,0.7,0.5,1.5
Trey Galloway,G,31,33.3,10.6,4.2,9.1,46.6,0.8,3.2,26,1.3,2.4,53.3,2.9,4.6,1.2,0.2,2.1
Taeshaud Jackson,G,31,29.6,10.6,3.7,8.4,44.6,1,3.1,33,2.1,3.3,63.4,10.4,1.2,1.3,0.4,2
Daeshon Shepherd,G,33,32.6,10.6,3.9,9,43.9,1.1,3.5,30.7,1.6,2.4,67.5,5.6,0.7,0.8,0.7,0.8
Themus Fulks,G,29,29.5,10.6,3.9,9.7,40.4,0.3,1.3,25.6,2.3,3,77.3,2.8,4.4,1.3,0.1,2.7
Donovan Sanders,G,30,30.7,10.5,4,11,36.5,0.8,2.9,26.4,1.8,2.6,67.9,3,2.8,2.1,0.1,3.2
Peter Suder,G,31,32,10.5,3.8,9.2,41.1,0.6,2.4,24,2.4,3.3,72.5,4.3,3.3,1.2,0.3,2.2
Supreme Cook,F,32,27.2,10.5,3.9,6.8,57.5,0,0,0,2.6,4.6,57.1,8,0.6,0.8,0.5,1.5
Adam Hamilton,C,32,21.6,10.5,4.4,7.9,56.3,0,0,0,1.6,2.6,61.9,6.7,1.7,0.5,1.1,1.6
PJ Hayes IV,G,32,25.7,10.5,3.3,7.7,42.5,2.3,5.8,39.7,1.7,2.1,79.1,3.1,1.1,0.7,0.2,0.8
Jayden Nunn,G,35,28.6,10.5,3.3,7.3,45.5,1.4,3.3,43.9,2.4,3.3,70.9,2.6,2,1.3,0.4,1.4
Langdon Hatton,C,31,27.8,10.5,4.2,8.7,48,0.5,1.5,33.3,1.7,2.5,67.5,7.1,1.3,0.2,0.8,1
Aundre Hyatt,F,32,26,10.5,3.4,9,37.6,1.5,4.9,31.2,2.2,3,73.7,4.6,1.2,1,0.5,1
Tahron Allen,G,32,27.6,10.5,3.8,9.4,40.5,0.8,1.8,44.1,2,2.9,70.7,5.1,0.9,0.6,0.2,1.3
Tyrese Proctor,G,32,30.4,10.5,3.8,8.9,42.3,1.8,5.2,35.2,1.2,1.5,75.5,3,3.7,0.7,0.1,1.3
Collin Murray-Boyles,F,28,22.8,10.4,4.2,7,59.7,0,0.2,0,2.1,3.1,66.7,5.7,1.8,1,1,1.2
Jaquan Carlos,G,33,35.5,10.4,3.5,8.6,41.3,1.3,3.9,34.4,2,2.2,89.2,4.4,6.3,1.6,0.1,2.6
Kolby King,G,31,27.4,10.4,3.5,7.5,47.6,1.3,3.3,37.9,2.1,2.7,76.2,3.6,1.8,1.4,0.4,1.3
Maleeck Harden-Hayes,G,24,25.3,10.4,3.5,8.5,41.5,1.5,4.9,31.6,1.8,2.3,79.6,4.1,0.5,0.3,0.3,0.8
Derrian Ford,G,36,29.3,10.4,3.6,8.7,41.1,1.8,4.7,37.6,1.5,2,74.6,4.4,1.5,0.6,0,1
Shannon Grant,C,29,22.9,10.4,4.4,7.6,58.6,0,0,0,1.5,2.6,59.5,4.4,0.7,0.5,0.7,1.6
Clifford Omoruyi,C,32,26.9,10.4,4.1,7.9,51.2,0,0.2,20,2.3,3.7,61,8.3,0.5,0.7,2.9,1.4
Jasin Sinani,G,32,29,10.4,3.5,7.5,46.7,1.4,3.8,37.4,2,2.2,88.7,4.2,2.3,0.8,0.3,1.6
Nik Graves,G,30,29.7,10.4,3.1,6.7,45.5,0.8,2.3,32.9,3.5,4.4,80.2,3.1,2.8,1,0.1,1.1
Nate Lliteras,G,31,26.9,10.4,3.8,8.5,44.7,1.6,4.6,35.4,1.2,1.5,77.1,4.2,1.2,0.8,0.7,1.3
Damian Forrest,F,31,29,10.4,4.3,7.1,60.6,0,0,0,1.7,2.6,66.7,8.2,0.8,0.6,0.7,1.3
B. Artis White,G,26,27.6,10.4,3.5,9.3,37.9,2.2,5.6,38.6,1.2,1.5,75,3.2,3.2,1,0.1,2.1
Nick Johnson,G,32,27.8,10.4,3.1,7.4,41.9,1.1,3.1,35.4,3.1,5,62.3,3.5,1.7,1.4,0.3,1.8
Jaden Akins,G,35,28.5,10.4,4,9.8,41,1.8,5,36.4,0.5,0.7,73.9,3.9,1.2,1.1,0.4,1
Kentrell Pullian,G,35,28.8,10.4,3.4,8.4,41,1.2,4.3,27.5,2.3,3.1,75.9,4.7,2.1,1,0.1,1.3
Day Day Thomas,G,35,26.7,10.4,3.8,9.9,38.8,1,3.6,28,1.7,2.1,81.1,2.4,3.3,1.7,0.2,2.1
Nehemiah Benson,F,30,22.5,10.4,4.6,7.4,61.4,0.2,0.5,33.3,1.1,1.8,60.4,4.3,1.1,0.4,0.2,1
Josh Earley,F,28,21.4,10.4,4.8,8.3,58,0,0,0,0.8,1.4,57.9,5,0.4,0.4,0.3,1.5
Lonnell Martin Jr.,F,31,29.7,10.4,2.9,7.5,38.4,1.5,4.5,33.8,3.1,3.4,91.4,3.5,2.7,0.7,0.2,2
Dian Wright-Forde,G,31,21,10.4,3.9,9.4,41.6,0.6,2.4,25.7,1.9,2.7,71.4,2.6,1.6,1,0.3,1
Ryan Moffatt,F,34,29.6,10.4,3.6,8.4,43.3,1.9,5.2,37.3,1.2,1.6,74.1,4.3,1.7,0.9,0.1,0.6
Brandon Love,F,34,25.2,10.4,4.1,7.6,54.9,0,0,0,2.1,3.9,53,5.4,0.8,0.7,1.4,2
Yuri Covington,G,32,27.4,10.3,3.5,8.3,42.4,1.6,4.5,35.7,1.8,2.1,82.4,5,1.1,1.3,0.2,1.3
Kyndall Davis,G,32,26.5,10.3,4.1,10.4,39.2,0.8,2.9,25.8,1.5,2.3,65.3,4.3,1.6,1.4,0.7,1.4
Dean Noll,G,35,27.8,10.3,3.8,9.4,40.4,1.4,3.8,36.4,1.4,1.7,80,3,1.9,1.3,0.1,1.7
Patrick Cartier,F,35,23.1,10.3,3.9,7.6,51.5,0.9,2.5,36,1.6,1.9,84.8,2.7,1.9,0.5,0.2,1.1
Brandon Whitney,G,36,31.5,10.3,3.7,7.3,51,0.4,0.9,40.6,2.5,3.1,81.3,2.9,4.1,0.6,0.1,1.3
August Mahoney,G,33,27.1,10.3,3.3,6.9,47.8,2.2,4.8,45.3,1.5,1.8,85,2.5,1.3,0.6,0.1,0.9
Spencer Johnson,G,34,27.8,10.3,3.6,8.7,41.8,1.3,4.3,29.7,1.8,2.2,81.1,6.3,3.3,1,0.1,1.6
Andre Henry,G,34,26.7,10.3,3.6,7.8,45.7,1.4,3.4,42.1,1.8,2.3,78.2,3.7,0.9,0.8,0.1,0.8
Cole Anderson,G,31,31.7,10.3,3.5,8.8,40.4,2.5,5.9,41.3,0.8,0.8,96,1.8,1.1,0.5,0,0.8
Jarred Hyder,G,25,34,10.3,3.5,10.7,32.5,1.9,6,31.8,1.4,1.7,83.7,2.6,2.5,1.2,0.2,2.1
Luka Sakota,G,26,28.4,10.3,3.3,8.8,37.3,1.4,4.6,30.8,2.3,2.7,85.9,2.6,2.4,0.6,0.2,1.2
Fletcher Loyer,G,39,27.8,10.3,3.2,7.8,41.6,1.6,3.6,44.4,2.2,2.6,86.1,2.1,1.9,0.8,0,1.2
Greg Tribble,G,34,29.2,10.3,3.6,7.9,45.7,0.8,2.3,35.4,2.3,3.1,73.6,2.5,2.1,0.6,0.3,1.4
Braelon Bush,PG,31,31.5,10.3,3.7,9.5,38.8,1.1,3.7,28.4,1.9,2.3,81.7,2.1,3.1,0.9,0,2
Khristion Courseault,G,32,25.8,10.3,3.4,8.4,40.5,1.1,3.3,33,2.4,3.4,69.1,2.2,4.1,0.8,0.2,2.3
Harlan Obioha,F,32,26.6,10.3,3.9,6.1,63.3,0,0,0,2.5,4,63.3,7.8,1.2,0.3,0.8,2
Dyondre Dominguez,F,37,25.3,10.3,3.5,8.2,42.4,1.6,4.8,33.9,1.7,2.2,75.6,5.8,1.5,0.7,0.5,1.6
Jason Spurgin,C,34,30.4,10.3,3.8,8.3,45.7,1.1,3.4,33.9,1.5,2.2,68.4,5.6,1.6,0.8,1,1.8
Jacari White,G,32,29.3,10.3,3.7,7.7,47.8,2.1,4.5,45.5,0.8,1.1,76.5,3.8,1.7,0.9,0.2,1.5
Jordan Nesbitt,G,25,30.4,10.2,3.6,10.8,33.6,0.8,3.4,24.7,2.1,3,69.7,4.9,4.3,0.8,0.8,2.6
Mike Mitchell Jr.,G,34,29.6,10.2,3.6,8.7,42,2.1,5.2,39.9,0.9,1.1,80.6,2.7,2.6,1.5,0.1,1.8
Eren Banks,G,30,28.5,10.2,3.7,8.6,43,1.6,4.2,38.9,1.2,1.6,75,2.6,1.9,0.9,0.2,2.1
Marcus Niblack,G,26,23.9,10.2,3.7,8.3,45.1,0.5,1.1,41.4,2.3,3.3,69.8,3.7,2.6,1.3,0.2,3
Devin McGlockton,F,36,29.9,10.2,4.1,7.2,57.5,0.6,1.7,36.7,1.3,1.8,72.7,6.3,1.3,0.6,0.8,1
Dyson Koehler,F,32,30.4,10.2,3.2,7.6,41.7,1.5,4.6,33.3,2.4,3.3,73.1,3.9,0.7,1.3,0.3,0.5
Jayden Jackson,G,33,29.5,10.2,3.8,7.4,51,0.2,1,21.2,2.5,3.3,75.2,4.2,2,0.8,0.2,1.5
Dylan Williamson,G,34,26.4,10.2,3.6,9.1,40.3,1.5,4.4,33.8,1.4,2.1,68.1,1.6,2.9,1,0,1.5
Paul Bruns,G,32,27.8,10.2,3.2,8.4,37.9,1.8,5.3,34.5,2,2.4,81.8,4.5,1.1,0.5,0.1,0.8
Elijah Fisher,G,32,31.8,10.2,3.7,7.2,52,0.3,1.2,26.3,2.4,3.4,72.2,3.8,1.4,0.8,0.3,1.6
Ryan Curry,G,32,30,10.2,3.7,9.4,38.9,1.9,5.4,34.7,1,1.4,69.6,3,3.1,0.7,0.2,1.8
Braeden Shrewsberry,G,33,28.2,10.2,3.5,8.8,39.8,2.4,6.4,37.1,0.8,1,82.4,2.5,0.9,0.5,0,1.2
DJ Patrick,G,25,31,10.2,3.6,9.9,35.9,2.1,6.4,32.3,1,1.4,70.6,4.1,1.4,0.4,0.4,0.9
Joshua Jefferson,F,26,25,10.2,4,8.6,46.9,0.6,2.3,26.7,1.5,2,73.1,6.5,2.3,1.2,0.4,1.5
Dji Bailey,G,33,31.2,10.2,3.9,6.6,59.4,0.4,1.2,31.6,1.9,3.4,56.8,4.4,2.2,1.7,0.3,1.1